onset,amplitude
0.5506,-0.058930178810099994
0.9806,0.00470355600398
1.4006,-0.0750925571069
1.4406,-0.0296738296085
2.1006,-0.0325209784974
2.4906,-0.07739754094769999
2.9806,-0.043736305016
3.275,-0.0339692865364
4.0237,-0.00486197812994
4.3237,-0.015229941167899998
4.5637,0.0246592261831
5.1637,0.0155033833409
5.3737,-0.061747665687600005
5.8737,-0.059155397495099994
6.2637,0.0186871880355
6.3937,0.0116790419581
6.4437,-0.0296738296085
6.9728,-0.00810708749446
7.9961,-0.033203963847500004
8.2261,0.0161727007966
8.2961,0.05974401269719999
8.7561,0.0038786402129
8.8761,-0.00018954347302500003
9.3003,-0.0469380774096
9.7495,-0.058930178810099994
9.9995,-0.0573427504863
10.2995,-0.00486197812994
10.7095,-0.0262996359228
10.8795,-0.0123631790007
10.9795,-0.05793793331640001
11.3995,0.023293036304299998
11.8495,-0.00489920125348
12.0895,0.016571891649499997
12.2095,-0.05793793331640001
12.6795,-0.00898842664108
13.1395,0.00801141475189
13.5895,0.0109902230121
13.7695,-0.0022529958000100003
14.4172,-0.006676128040369999
14.8366,-0.0006406091522090001
14.9466,-0.0455012717732
15.1466,-0.0918688030502
15.4166,0.017705275310099997
15.9514,0.00688573529798
16.6003,-0.004318650073220001
16.7003,-0.073447845724
17.1603,0.0511946498898
17.2803,-0.0517885926108
17.7503,0.0436023537285
17.9003,-0.00486197812994
17.9403,-0.073447845724
18.6003,-0.041113238573400004
18.8503,-0.0390611940821
19.4903,-0.0034266194394699996
19.8203,-0.00486197812994
20.1603,-0.015112623539799998
20.4203,-0.0695268400016
20.7803,-0.0723418039263
21.3503,-0.0828340888198
21.4503,-0.012380949941
21.8903,-0.0059646598799199995
22.1003,0.051769129095800004
22.2503,-0.0414887946909
22.3303,-0.05793793331640001
22.9031,-0.06957204517639999
24.0009,-0.00473764094
24.1109,-0.0414868664054
24.6509,0.008530037076279999
25.1909,-0.0184726623258
25.3309,-0.015112623539799998
25.4909,-0.0517885926108
25.9058,-0.0123517507421
26.2999,-0.0011813806979400002
26.5899,0.036533930679300004
26.7199,-0.033203963847500004
26.7499,-0.0296738296085
27.2099,0.0506399152545
27.2699,-0.0736965825749
27.4699,-0.0736965825749
27.5399,-0.0296738296085
27.9196,-0.019300000746400002
28.6531,-0.0011813806979400002
28.9031,0.0272350129238
29.1031,0.045240827710100004
29.2731,-0.033203963847500004
29.4131,-0.0736965825749
29.9928,0.029551798897700002
31.0667,0.105619305262
32.0966,0.0
33.3638,-0.058930178810099994
33.5338,-0.0455012717732
34.1238,-0.0831464582768
34.4638,-0.00277416863228
34.5838,0.01899516071
35.0238,-0.0495752221112
35.1638,-0.00486197812994
35.2438,-0.05793793331640001
35.7038,0.0155033833409
35.9038,-0.0123631790007
36.0338,-0.0049992804029600005
36.1438,-0.05793793331640001
36.3738,-0.0422889514359
36.7738,-0.00229531680371
37.2322,-0.0117622824038
37.7462,-0.0973476946535
37.9262,-0.05793793331640001
38.7862,0.105619305262
39.1262,-0.022844050052099996
40.3802,0.0
41.4689,-0.0142794673447
42.0489,0.105619305262
42.2389,-0.0695268400016
42.4989,-0.06705534413730001
42.6889,-0.0918688030502
42.9689,-0.0139504797857
43.1389,-0.0414887946909
43.1789,-0.0296738296085
43.8789,-0.06957204517639999
44.3589,-0.030791099907299998
44.5289,-0.012380949941
45.6089,0.0
45.8489,-0.04350009724019999
45.8789,-0.0296738296085
46.3789,-0.00197600826876
46.987,0.008530037076279999
47.8452,-0.0011813806979400002
48.0752,-0.027665777571
48.4052,0.0663855202598
48.7252,0.017705275310099997
48.8152,-0.0296738296085
49.1552,-0.007443498737520001
49.9552,0.0239812429012
50.0652,0.019349884414599998
50.2452,-0.015229941167899998
50.9042,0.00193200877366
51.3486,-0.0205940324327
51.4786,-0.0414868664054
52.1986,0.07162843717
52.7186,-0.0144354038297
53.3778,0.0564083888193
54.1466,0.00622251477196
54.5566,-0.0211599149296
54.6666,-0.027665777571
55.1466,-0.0544959910171
55.2566,0.044395344778899996
55.5466,-0.01252000228
55.6366,-0.0517885926108
55.7666,-0.015229941167899998
56.3357,-0.0556287728275
57.1897,-0.0411505507276
57.2397,-0.073447845724
57.5697,0.016571891649499997
57.8992,-0.00486197812994
59.3822,-0.011061881159999998
59.5222,-0.0736965825749
59.6222,-0.05793793331640001
60.3022,-0.036740466888099996
60.4122,-0.0517885926108
61.1122,0.105619305262
61.3722,-0.022844050052099996
62.3909,0.0
62.8301,-0.0296738296085
63.4101,-0.00197600826876
64.0501,0.0366096449409
64.6001,0.0565087401952
64.7101,0.019349884414599998
64.9101,-0.015229941167899998
65.3201,-0.0219071666902
65.4701,0.019349884414599998
65.7701,-0.101179869617
65.8701,-0.0517885926108
66.5701,0.0011180279289
66.7501,0.01899516071
67.1501,0.018037279522
67.7001,0.0005522300278430001
67.7901,-0.012380949941
67.9101,-0.05793793331640001
68.5101,-0.0180015731298
69.0574,0.017269970426
70.0154,-0.05793793331640001
70.5854,0.008530037076279999
70.8754,0.0336853882927
71.0354,-0.015229941167899998
71.7254,0.0239812429012
72.0254,-0.031164851829499997
72.1454,-0.012380949941
73.1654,0.0
73.6054,-0.00549967879599
73.9854,-0.07739754094769999
74.7591,-0.009487814169129999
75.353,-0.0022529958000100003
75.583,-0.0142794673447
75.9329,-0.030378404991599998
76.8271,-0.0613128055486
77.0671,-0.0544959910171
77.3069,0.044395344778899996
78.6591,0.0244822499706
78.7491,-0.058930178810099994
78.8791,-0.0455012717732
79.1391,0.037872519143199994
79.2191,-0.029761639922099997
79.4391,-0.0123517507421
79.8991,0.013079024143299998
80.1791,-0.069259714077
80.2891,-0.05793793331640001
80.9891,0.105619305262
81.2091,-0.022844050052099996
82.4591,0.0
82.6691,-0.0022529958000100003
83.0091,0.0434629615338
83.1091,0.01899516071
83.2591,-0.029761639922099997
83.4591,-0.0773730258782
83.8872,0.0506399152545
84.3813,-0.033203963847500004
84.4213,0.0
84.7113,-0.01252000228
84.7913,-0.0517885926108
84.8613,-0.05793793331640001
85.1413,-0.008824152826540001
85.5057,-0.0253194415301
86.4546,-0.0411505507276
86.6846,-0.135791799413
87.2542,0.0728108790196
88.0131,-0.00473764094
88.1331,-0.029761639922099997
88.4131,-0.00762527527544
88.5131,0.01899516071
88.6331,0.051769129095800004
88.9331,-0.069259714077
88.9931,-0.0296738296085
89.4473,-0.0638927829513
89.9065,-0.00736613005956
90.1765,-0.0338019502547
90.4765,0.0535506081503
90.5565,-0.029761639922099997
90.6765,-0.069259714077
90.7665,0.0204333689785
90.8365,-0.0517885926108
90.9165,-0.05793793331640001
91.5965,-0.043736305016
91.9906,-0.015569447011400001
92.4348,-0.00736613005956
92.6848,-0.0338019502547
93.0348,0.0535506081503
93.2348,-0.029761639922099997
93.6948,0.0133118284712
93.8348,0.052977979286199996
94.0448,-0.015229941167899998
94.3148,-0.04273904466469999
94.8388,-0.0346549928448
95.2182,-0.0086887933183
95.7082,0.0562358342755
95.8382,0.052977979286199996
95.9382,-0.0011813806979400002
96.2582,0.016571891649499997
96.6725,-0.028962210047800002
97.0518,0.052977979286199996
97.1318,-0.0011813806979400002
97.5118,0.05853299659530001
98.3161,-0.012842499611799998
99.0247,-0.00736613005956
99.4096,0.0535506081503
99.9188,0.0133118284712
100.0988,-0.0607860706324
100.2188,-0.0973476946535
100.4087,-0.0011813806979400002
100.9228,0.0133118284712
101.1128,0.0147814595487
101.5028,-0.045609191698699994
101.6428,0.052977979286199996
101.7928,-0.0011813806979400002
102.0276,-0.0455012717732
102.372,0.0133118284712
102.592,-0.0469380774096
102.742,0.052977979286199996
102.832,-0.0011813806979400002
103.2019,0.065107325445
103.7359,0.0133118284712
103.9359,-0.0469380774096
104.2059,-0.000650071139251
104.3459,0.052977979286199996
104.5259,-0.015229941167899998
104.8559,-0.0102262452192
105.1706,0.0633028961144
106.2991,-0.06705534413730001
106.5491,0.0663855202598
106.6891,0.0301536715312
106.8391,-0.00736613005956
107.2191,-0.017660411743999998
107.3291,-0.00736613005956
107.4091,-0.0736528179158
107.8636,0.044395344778899996
108.8864,0.0244822499706
109.0164,-0.029761639922099997
109.2864,0.00219810712027
109.3764,0.01899516071
109.4664,-0.05793793331640001
110.0961,-0.0411505507276
110.8348,-0.058930178810099994
111.1548,0.021137721400900002
111.2848,-0.0296738296085
112.0048,-0.0714123263282
112.3148,0.024677344089000002
112.6948,-0.0288081668066
113.1248,-0.00810708749446
113.2948,-0.0674553675516
114.0448,-0.0071692678833699995
114.2348,-0.04350009724019999
114.3348,-0.05793793331640001
114.8148,0.0447651740134
114.9748,-0.0022529958000100003
115.4348,0.030998614908799998
115.5848,0.019349884414599998
115.6748,-0.05793793331640001
116.0229,0.011193667952900001
116.7264,-0.00736613005956
116.9964,-0.0278755851195
117.0264,0.05974401269719999
117.1764,-0.0449447734057
117.4064,0.0209443330752
117.5064,0.01899516071
117.9964,0.06326287720200001
118.2664,-0.0142794673447
118.5464,-0.00810708749446
118.6064,-0.012380949941
118.7664,-0.0238183491208
119.3105,-0.040088039439199995
119.8598,-0.029761639922099997
119.8898,0.000491379994021
120.1398,-0.0455012717732
120.2198,0.01899516071
120.5198,0.00686642093315
120.7442,0.051769129095800004
121.443,-0.058930178810099994
121.673,0.021137721400900002
121.743,-0.0296738296085
122.273,-0.0176783347185
122.743,0.0024714283068299997
123.123,0.010616337396799999
123.6573,-0.00810708749446
124.2164,-0.0022529958000100003
124.3464,-0.00736613005956
124.4164,0.000491379994021
124.7913,-0.0193291531507
125.3657,0.0133118284712
125.9002,-0.0499441169324
126.9731,-0.0390611940821
127.1131,0.0244822499706
127.2031,-0.029761639922099997
127.3031,-0.024529507875900004
127.4131,0.01899516071
127.6931,-0.000188815639849
127.8631,0.01899516071
128.133,0.051769129095800004
128.6818,-0.05793793331640001
129.0918,-0.00302138967993
129.2418,-0.00486197812994
129.3218,-0.05793793331640001
129.6418,-0.0422889514359
129.9518,-0.00229531680371
130.591,-0.00563044222005
131.0103,-0.0973476946535
131.1303,-0.00486197812994
131.2403,-0.0011813806979400002
131.4703,-0.061747665687600005
132.0,-0.0810345485126
132.3844,-0.0011813806979400002
133.0344,-0.0577537933367
133.1444,-0.0022529958000100003
133.2344,-0.0011813806979400002
133.5644,-0.0015117366561
133.6144,-0.0296738296085
133.9589,0.022552579705400002
134.6526,0.0244822499706
135.1026,-0.016904227501100003
135.4726,0.011991784514799998
135.5226,-0.0296738296085
136.0326,0.022552579705400002
136.2226,-0.00486197812994
136.7226,-0.05359719012619999
136.8826,-0.00736613005956
137.4414,0.037466068545
138.0852,-0.00736613005956
138.1952,0.000491379994021
138.5452,0.0411512178652
138.7352,-0.0238183491208
139.3352,-0.030733238075200002
139.4752,-0.0022529958000100003
139.7552,-0.134898985536
139.9252,-0.029761639922099997
140.0952,0.016571891649499997
140.1352,-0.0296738296085
140.6994,-0.023014469268200003
141.4231,0.00622251477196
141.5631,0.0244822499706
141.7031,-0.029761639922099997
141.8131,-0.024529507875900004
141.9231,0.01899516071
142.4829,-0.000188815639849
142.7823,-0.05793793331640001
143.2423,0.0155033833409
143.3723,-0.0011813806979400002
143.7223,-0.0117622824038
144.0123,-0.0123631790007
144.1623,-0.0973476946535
144.2623,-0.05793793331640001
144.9723,0.105619305262
145.1823,-0.022844050052099996
146.2013,0.0
146.6006,-0.00736613005956
146.6506,0.000491379994021
146.7806,-0.0449447734057
147.4204,0.012904905429799999
147.8747,-0.0022529958000100003
148.1247,0.0834261338897
148.2247,-0.029761639922099997
148.3647,-0.012380949941
148.8647,-0.0881146601454
149.0347,-0.0022529958000100003
149.3647,-0.0136412288394
149.5447,-0.029761639922099997
149.7447,-0.0238183491208
150.489,-0.022617802666
151.0179,-0.00736613005956
151.1079,-0.0827047988915
151.3579,0.016571891649499997
151.6674,-0.00486197812994
152.0269,0.0026984392202
152.0769,0.05974401269719999
152.3069,0.05076348540159999
152.5768,0.051769129095800004
153.5604,-0.0483452352161
153.7404,0.0030239025432399996
153.8704,-0.0449447734057
154.3904,-0.0589205028168
154.7504,-0.0891645612699
154.8104,-0.05793793331640001
155.4091,-0.0411505507276
156.4377,0.00622251477196
156.5277,-0.0517885926108
156.9877,-0.0348861083267
157.4577,-0.0194891109972
157.5477,-0.0517885926108
157.7277,0.020515213240700002
157.8277,-0.0368320053094
158.5777,-0.06080238944730001
158.9418,-0.0667993265462
159.4608,-0.007494394593600001
159.6408,0.0026984392202
159.6708,0.05974401269719999
159.8908,-0.0469380774096
160.1608,-0.0451620406785
160.2908,-0.0736965825749
160.8605,0.0728108790196
161.6539,-0.058930178810099994
161.7739,0.000491379994021
161.8739,-0.0455012717732
162.0539,-0.0117561982384
162.1539,0.01899516071
162.4939,-0.015939777228700002
162.6639,-0.0142794673447
163.1139,-0.0305830782509
163.2539,-0.012380949941
163.3139,-0.05793793331640001
163.7039,-0.012943347378899999
163.8339,-0.058404304056699996
163.9639,-0.059029703400300004
163.9939,-0.0296738296085
164.4239,-0.0541476043353
164.7484,-0.055498364308199995
165.3522,-0.058930178810099994
165.3822,0.000491379994021
165.4922,-0.0455012717732
165.7622,-0.0117561982384
165.8522,0.01899516071
166.2871,-0.000188815639849
166.9563,-0.030791099907299998
167.1663,0.0472365623391
167.2063,-0.0296738296085
167.7263,-0.030378404991599998
167.9063,-0.004318650073220001
168.0763,-0.061747665687600005
168.1263,-0.0296738296085
168.3663,-0.0422889514359
168.8863,-0.00229531680371
168.9663,-0.0368320053094
169.2763,-0.0632221588699
169.3863,0.019349884414599998
169.4363,-0.0296738296085
169.9463,0.0155033833409
170.1963,-0.0167770169072
170.4963,-0.0469380774096
170.7863,0.0186871880355
170.9063,0.0116790419581
171.469,0.022446927620900003
171.9383,-0.0022529958000100003
172.0283,-0.0368320053094
172.3383,-0.06663842445
172.3783,-0.0296738296085
172.9127,-0.0638927829513
173.7112,-0.0736965825749
174.1712,-0.0194891109972
174.2712,-0.0368320053094
174.9712,-0.06080238944730001
175.4307,-0.0667993265462
175.8748,-0.033203963847500004
175.9848,0.030340331069299998
176.0748,-0.0455012717732
176.4948,-0.00824460588488
176.8148,-0.0469380774096
177.0448,-0.0380140250324
177.5345,-0.0480856406102
178.1831,-0.0736965825749
178.3231,-0.058930178810099994
178.5731,0.0026984392202
178.6031,0.05974401269719999
178.7731,-0.000933226040771
178.9431,-0.08095502698639999
179.2831,0.0045239842859
179.3731,0.01899516071
179.5131,-0.0449447734057
179.8331,-0.0181688715683
180.2873,-0.0024629623188600004
180.9709,-0.058930178810099994
181.2109,-0.10367505526799999
181.4109,-0.0390611940821
181.7309,-0.0469380774096
182.2309,-0.030401565259500003
182.3109,-0.012380949941
182.9209,-0.052084300421099995
183.1409,-0.0123517507421
183.7105,-0.0362305913917
184.2245,-0.033203963847500004
184.2645,0.0
184.6945,-0.0587235213437
184.9345,-0.0918688030502
185.3445,0.00576071824075
185.6945,-0.0694121042738
186.0145,-0.063718499557
186.1845,-0.08095502698639999
186.6045,-0.0638927829513
186.9145,0.0180973956543
187.0445,-0.0674553675516
187.2045,-0.015229941167899998
187.6184,0.022552579705400002
188.6513,0.0244822499706
188.7813,-0.058930178810099994
189.0313,0.0278224152917
189.1413,0.01899516071
189.6213,-0.0160514080545
189.7913,0.044395344778899996
190.1361,-0.038501943021999996
190.6651,-0.033203963847500004
190.6951,0.0
190.7851,-0.0390611940821
190.9251,-0.059029703400300004
191.1451,-0.0167770169072
191.2451,0.01899516071
191.5851,-0.0029543248424899996
191.8749,0.044395344778899996
192.6832,-0.033203963847500004
192.7132,0.0
192.9832,-0.02034091301
193.0832,0.01899516071
193.4032,-0.0029543248424899996
193.4432,-0.0296738296085
193.9176,-0.0638927829513
194.7112,-0.0167770169072
195.1412,-0.0588657949231
195.3112,-0.0695268400016
195.5112,-0.027665777571
195.5512,-0.0296738296085
196.0309,-0.0638927829513
196.6846,-0.0022529958000100003
196.8146,0.0244822499706
196.9546,-0.058930178810099994
197.3346,0.0111307480598
197.6245,0.044395344778899996
198.1484,-0.058930178810099994
198.3384,0.0407215438303
198.7184,-0.06103928205609999
198.9184,0.016571891649499997
198.9984,-0.05793793331640001
199.7676,-0.0411505507276
200.0271,-0.0368320053094
200.1171,-0.073447845724
200.5771,-0.06705534413730001
201.0871,-0.053341649764099996
201.2771,-0.012380949941
201.8619,0.0728108790196
203.1399,-0.0390611940821
203.4199,-0.00486197812994
203.4899,0.0
203.6999,0.033255640939099995
203.8099,-0.058930178810099994
203.9699,-0.0455012717732
204.4099,-0.031164851829499997
204.7199,-0.000683020819489
204.7799,-0.0296738296085
205.1399,0.0160339622566
205.2199,-0.0517885926108
205.7299,0.064152879742
205.8199,-0.0022529958000100003
206.0099,0.00673097062969
206.6636,-0.00286422328361
207.4369,-0.033203963847500004
207.4969,0.0
207.7569,-0.121319732675
207.8369,0.01899516071
208.1169,-0.00486447965463
208.2969,-0.0275544343687
208.6269,-0.0353181021975
208.9269,-0.031164851829499997
209.0469,-0.0205940324327
209.2969,-0.08095502698639999
209.6711,-0.0372749555517
210.1502,-0.00473764094
210.2702,-0.058930178810099994
210.4102,-0.0455012717732
210.7802,-0.06705534413730001
210.9902,-0.048882222474999994
211.4902,0.05301363753050001
211.5802,0.01899516071
211.8502,0.049216750804900004
211.9002,-0.0296738296085
212.2102,-0.0134372367013
212.9302,-0.0479834243022
213.5302,-0.053601926042900004
213.6902,-0.0022529958000100003
214.0102,-0.0023107918272
214.1102,-0.0205940324327
214.2302,-0.05793793331640001
214.4502,-0.0372749555517
214.5202,-0.0517885926108
215.0329,0.00576071824075
215.8912,-0.058930178810099994
215.9712,-0.0638696746825
216.3012,0.0278224152917
216.3812,-0.0517885926108
216.8012,-0.0348861083267
216.9112,0.01899516071
217.1212,0.0633028961144
217.3112,-0.08095502698639999
217.9012,0.011004665552299998
218.0412,-0.059029703400300004
218.6012,-0.0106067679202
218.7312,-0.059029703400300004
219.2698,0.00506092407007
220.0233,0.00622251477196
220.1033,-0.058930178810099994
220.1633,-0.07103442809610001
220.3933,-0.0167770169072
220.7133,-0.017554655073099997
221.0233,-0.0100198585714
221.0633,-0.058930178810099994
221.1733,-0.0638696746825
221.7827,-0.055855121135200005
222.6662,0.00673097062969
223.1162,-0.012583567711700001
223.2962,0.0282387805608
223.8659,-0.06063749520719999
224.7398,0.0436023537285
224.9398,0.0026984392202
224.9698,0.05974401269719999
225.1698,0.0354467713439
225.3598,0.016571891649499997
225.4898,-0.0238183491208
226.1589,-0.0253214514138
227.032,-0.058930178810099994
227.632,-0.00647285076819
227.832,-0.0283374349598
227.902,-0.05793793331640001
228.342,0.0325132191233
228.392,-0.0296738296085
228.642,-0.0031178815429499995
228.9312,0.017630984534700002
229.9445,-0.038501943021999996
230.0645,-0.05793793331640001
230.3045,-0.0422889514359
230.6545,-0.00229531680371
230.7945,-0.0973476946535
230.9845,-0.028181598265299996
231.3739,-0.007443498737520001
231.9731,-0.004318650073220001
232.1931,-0.0011813806979400002
232.2931,0.0
232.4531,-0.028181598265299996
232.923,-0.0034266194394699996
233.8161,-0.058930178810099994
233.8861,-0.07103442809610001
234.2561,-0.00647285076819
234.5361,-0.0167770169072
234.8461,-0.0100198585714
235.0761,-0.069259714077
235.1461,-0.05793793331640001
235.5061,0.035946411574800004
235.5861,-0.0517885926108
235.7461,-0.015229941167899998
236.2852,-0.0556287728275
237.1738,-0.0390611940821
237.3538,-0.058930178810099994
237.7838,0.07865551547069999
238.1838,-0.0422515613774
238.6938,-0.000541602039337
238.8338,-0.059029703400300004
239.1638,-0.028962210047800002
239.2838,-0.058930178810099994
239.7083,0.0269340735709
240.5117,-0.058930178810099994
240.6517,0.0212693474878
240.9017,0.0633028961144
241.4517,-0.0150041325639
241.5717,0.019349884414599998
241.9617,0.0235545353901
242.5417,-0.043736305016
243.0517,0.007891670677649999
243.3856,-0.028181598265299996
244.0693,0.00622251477196
244.1393,-0.029761639922099997
244.1993,-0.0638696746825
244.3293,-0.0455012717732
244.4593,0.01899516071
244.7993,-0.0337075295858
244.9993,-0.00018954347302500003
245.3837,-0.00486197812994
246.0275,-0.08095502698639999
246.4275,-0.0638927829513
246.7375,-0.0338019502547
247.0275,0.0336853882927
247.9871,-0.00601321643391
248.9159,0.0353180549006
249.0359,-0.0011813806979400002
249.2459,-0.0422321558813
249.3259,-0.058930178810099994
249.5059,-0.061747665687600005
249.7259,-0.051279656578900004
249.8759,0.016571891649499997
250.3655,0.022446927620900003
251.4384,0.00622251477196
251.6184,-0.058930178810099994
252.7284,0.00559919909246
252.9284,0.0026984392202
252.9584,0.05974401269719999
253.0884,-0.0736528179158
253.2684,0.0133118284712
253.3784,0.01899516071
253.6984,0.0135328335671
254.0284,0.022552579705400002
254.2584,-0.0414887946909
254.9021,0.0147683631744
255.9256,0.0353180549006
255.9856,-0.058930178810099994
256.0356,-0.07103442809610001
256.1156,-0.0296738296085
256.3956,-0.0031178815429499995
256.5756,0.016571891649499997
256.6356,-0.05793793331640001
257.2097,-0.0411505507276
257.8784,-0.058930178810099994
258.1384,-0.0287197681165
258.2484,-0.0455012717732
258.5284,-0.07239650629380001
258.8731,-0.07073080207489998
260.5499,-0.007426297070140001
260.8599,-0.041530187872
260.9799,-0.058930178810099994
261.0799,0.000491379994021
261.3399,-0.06977392625369999
261.7899,0.0011750092132799999
262.0299,-0.069259714077
262.1999,-0.015229941167899998
262.7999,0.0155033833409
262.9099,-0.05793793331640001
263.5999,0.07277893203619999
263.7799,-0.0022529958000100003
263.8399,-0.05793793331640001
264.2383,0.0157013420834
265.1912,-0.05793793331640001
265.8612,0.029829861713999997
266.1012,-0.0117622824038
266.7112,-0.0897196270456
266.8012,-0.059029703400300004
267.0212,-0.015229941167899998
267.4412,-0.0710829527684
267.9809,0.0067154709129100005
268.9089,-0.033203963847500004
269.0889,-0.061747665687600005
269.3089,-0.012380949941
269.5489,-0.0142794673447
269.8289,-0.058404304056699996
270.1989,-0.00486197812994
270.3089,0.019349884414599998
270.3889,-0.05793793331640001
270.7789,-0.0220181350877
271.0789,-0.041530187872
271.5289,-0.058930178810099994
271.8489,-0.0117622824038
271.9789,0.01899516071
272.0489,-0.0736528179158
272.3389,-0.0517885926108
272.4389,-0.05793793331640001
273.0889,0.00466224808748
273.1689,-0.0517885926108
273.2589,-0.05793793331640001
273.9966,-0.0302247246196
275.0199,-0.0142794673447
275.3799,-0.030378404991599998
275.8399,-0.031164851829499997
275.9499,-0.033203963847500004
276.0899,-0.061747665687600005
276.3899,-0.0622732098747
276.4899,0.01899516071
276.5599,-0.05793793331640001
276.9745,0.022552579705400002
277.6934,-0.01252000228
277.7834,-0.05793793331640001
278.0334,-0.0422889514359
278.5134,-0.00229531680371
278.7934,0.0432417463246
278.9234,-0.00018954347302500003
279.9434,-0.00630450359679
280.0334,-0.059029703400300004
280.1634,0.0244822499706
280.6934,0.00698636911309
280.8734,-0.04350009724019999
280.9134,-0.0296738296085
281.3434,0.00412255972005
281.7864,-0.0189189852402
282.7894,-0.033203963847500004
282.9094,0.0
283.3394,-0.0971069917865
283.6294,-0.060337312916
283.7094,0.05974401269719999
283.8792,-0.033203963847500004
284.3236,-0.00486197812994
284.7636,0.022552579705400002
284.9236,0.069189920399
285.6231,-0.06350487411330001
286.7666,-0.0214207310172
286.8266,-0.033203963847500004
286.9766,-0.033203963847500004
287.0166,0.0
287.3261,-0.0971069917865
288.2393,-0.0421154864024
288.3393,-0.058930178810099994
288.5693,-0.100157023422
288.9443,-0.0857611977863
289.9422,-0.058930178810099994
290.1922,0.0161727007966
290.2422,0.05974401269719999
290.9122,-0.06080238944730001
291.0922,0.033255640939099995
291.1522,-0.033203963847500004
291.3422,-0.061747665687600005
291.5322,-0.0390611940821
292.0922,-0.043736305016
292.2322,-0.00486197812994
292.6622,0.022552579705400002
292.8022,0.069189920399
293.3912,-0.06350487411330001
294.0151,0.00622251477196
294.0951,-0.05793793331640001
294.3451,-0.0422889514359
294.7251,-0.00229531680371
295.0848,0.0547645359165
295.9031,0.0663855202598
296.1631,-0.033203963847500004
296.6531,-0.0524331043308
296.8031,-0.00736613005956
297.2631,-0.00647285076819
297.4631,0.069189920399
298.3074,-0.0302247246196
299.2754,-0.058930178810099994
299.7054,0.0350476222054
299.9054,0.0303233235831
300.0154,0.01899516071
300.1254,-0.05793793331640001
300.3554,-0.0422889514359
300.8154,-0.00229531680371
301.0454,-0.00486197812994
301.7054,-0.0302247246196
301.7754,-0.024529507875900004
302.1354,-0.0167770169072
302.8954,-0.06350487411330001
303.1854,0.00622251477196
303.7854,-0.0442930800219
303.9954,-0.059029703400300004
304.2154,-0.007443498737520001
304.4554,-0.059029703400300004
305.4854,0.0448608464454
305.7754,-0.0022529958000100003
305.8954,-0.00486197812994
306.1054,0.0274563251214
306.2354,0.0244822499706
306.3754,-0.0011813806979400002
306.5854,-0.0217337544411
306.7454,-0.0674553675516
306.8654,0.044395344778899996
306.9154,-0.0296738296085
307.3954,-0.036222201321
307.8854,0.0131188987231
307.9754,-0.0517885926108
308.8754,-0.0227756153937
309.0854,-0.05793793331640001
309.4354,0.0131188987231
309.7454,-0.0278755851195
309.7754,0.05974401269719999
310.2154,0.046156343675199996
310.3454,0.01899516071
310.5554,0.069189920399
310.7354,-0.0275544343687
311.0754,-0.015112623539799998
311.7954,-0.0209344425648
312.4532,0.000986011490027
313.4262,-0.05793793331640001
313.7962,-0.0681141290044
314.0262,-0.0517885926108
314.1062,-0.05793793331640001
314.3762,0.0131188987231
314.4662,-0.0517885926108
315.0162,-0.0227756153937
315.2362,-0.00448591021662
315.3262,-0.05793793331640001
315.5662,-0.0422889514359
316.0462,-0.00229531680371
316.4555,-0.037147557189899996
317.1691,-0.00736613005956
317.1991,0.000491379994021
317.3791,-0.0455012717732
317.5091,0.01899516071
317.7091,-0.0449447734057
318.1791,0.06092469673880001
318.3591,-0.0275544343687
318.5391,0.019349884414599998
318.7391,0.06328805664210001
318.8791,-0.0517885926108
319.1591,-0.024694551856499998
319.4931,0.0144149259943
320.5309,0.00622251477196
320.6509,-0.0011813806979400002
321.1309,-0.015033032290100001
321.6708,-0.052547025730599994
322.3592,-0.05793793331640001
323.0492,0.000986011490027
323.5092,-0.0442930800219
323.8992,-0.0279080431555
324.0392,-0.00736613005956
324.3992,-0.00294986284069
324.7492,-0.0275544343687
325.2092,-0.0265462134968
325.3992,-0.0190166158458
325.9174,-0.0034266194394699996
326.8407,-0.00486197812994
326.9407,0.0
327.2955,-0.026030671332200002
328.1589,0.00622251477196
328.5489,0.033255640939099995
328.6189,0.0301536715312
328.7189,-0.029761639922099997
328.9289,-0.000933226040771
329.0189,-0.05793793331640001
329.3489,0.022552579705400002
329.5289,0.01899516071
329.6889,0.069189920399
329.7889,-0.05793793331640001
330.0389,-0.0422889514359
330.7778,-0.0302247246196
331.5711,-0.0011813806979400002
332.0809,-0.031585733718
332.6554,-0.0421154864024
333.0154,-0.00435928868723
333.4097,0.019349884414599998
333.9438,-0.059029703400300004
334.0838,0.0244822499706
334.1838,-0.033203963847500004
334.3738,-0.024529507875900004
334.9136,-0.0132059816277
335.4829,-0.0022529958000100003
335.6129,-0.033203963847500004
335.9029,-0.0217337544411
336.0529,-0.00018954347302500003
336.0829,-0.0296738296085
336.5529,-0.0723418039263
337.1429,-0.0655869538558
337.6229,-0.0382329078555
337.7929,0.01899516071
338.4729,-0.06080238944730001
338.6729,-0.0142794673447
339.1129,0.009114772509389999
339.2329,0.019349884414599998
339.5229,-0.08095502698639999
339.7761,-0.0152673961658
340.3955,-0.0189723684611
340.6655,0.0204333689785
341.0301,-0.0317293740661
341.9787,-0.0022529958000100003
342.5034,-0.0566292148854
343.1472,0.019349884414599998
343.2272,-0.05793793331640001
343.6972,0.0155033833409
343.7872,-0.0517885926108
343.8872,-0.05793793331640001
344.1472,-0.0422889514359
344.7072,-0.00229531680371
344.8272,-0.004318650073220001
344.8872,-0.024529507875900004
345.1372,0.016571891649499997
345.2772,0.019349884414599998
345.9872,-0.0273656643402
346.5559,-0.00489920125348
347.3399,-0.0030386601976399997
347.4897,-0.06839230780240001
348.0941,0.0412356044329
348.2741,-0.0022529958000100003
348.5541,-0.00423418588164
349.0884,0.0412356044329
349.7224,-0.0022529958000100003
350.457,-0.0059611763282499996
351.0214,-0.0030386601976399997
351.2514,-0.06839230780240001
351.7714,-0.0205407625847
351.9814,-0.0123631790007
352.2314,-0.06839230780240001
352.8314,0.0412356044329
352.9814,-0.0022529958000100003
353.3814,-0.00423418588164
353.8114,-0.0205407625847
354.0014,-0.0123631790007
354.2914,-0.00423418588164
354.8541,0.0412356044329
355.6077,0.00622251477196
356.0277,-0.0205407625847
356.0977,-0.073447845724
356.7274,-0.030147987589799998
357.4161,-0.00736613005956
357.8761,-0.06383448883290001
358.6061,-0.0243037182632
358.9361,-0.0852743024398
359.0161,-0.012380949941
359.1561,-0.05793793331640001
359.53,-0.00898842664108
360.4394,-0.0531049650085
360.5294,0.019349884414599998
360.5894,-0.0296738296085
361.0542,0.0416552672559
361.5335,-0.015112623539799998
361.6835,-0.0517885926108
361.8235,0.051769129095800004
362.3435,0.0368045059507
362.4335,0.01899516071
362.8835,0.018340177758599998
363.0529,-0.0275544343687
363.8568,0.0663855202598
363.9868,-0.033203963847500004
364.8968,0.0723072022779
365.0568,-0.0022529958000100003
365.6368,0.0010012079837999999
366.1068,-0.00463718900633
366.2468,-0.0205940324327
366.6359,-0.04419340229640001
367.1252,-0.0470043966413
367.2252,-0.05793793331640001
367.6651,-0.0359899450527
368.0841,-0.0296738296085
368.7441,-0.0810345485126
369.0441,-0.0422889514359
369.6741,0.015427710095799999
370.1986,0.054877735945699994
371.0219,0.0244822499706
371.1519,-0.033203963847500004
371.1819,0.0
371.2119,-0.0296738296085
371.5619,0.054877735945699994
371.7219,-0.0517885926108
372.3119,0.021238849175
372.5219,0.041225613463199993
372.9319,0.0245549265724
373.1919,-0.030506089370800002
373.2819,-0.029761639922099997
373.4019,0.0269340735709
373.5719,0.0788307896935
373.6519,-0.033203963847500004
373.8819,-0.00294986284069
373.9919,-0.059029703400300004
374.1419,-0.033203963847500004
374.5607,0.052011432569399996
375.2594,0.00622251477196
375.3894,0.0244822499706
375.5194,-0.033203963847500004
375.5594,0.0
375.6394,-0.0296738296085
376.1094,-0.00423418588164
376.6134,0.0549363515611
377.1925,-0.015112623539799998
377.5625,-0.0287197681165
377.9025,0.0222324969369
377.9825,-0.05793793331640001
378.4325,0.0549363515611
378.6325,0.0303233235831
379.0625,-0.032176057087
379.4765,-0.007405887808890001
379.8359,-0.059029703400300004
380.0359,-0.08463491296810001
380.1959,-0.059029703400300004
380.2859,-0.033203963847500004
380.4059,0.0269340735709
380.5259,-0.0449447734057
381.2354,-0.0288723805812
382.513,-0.0941123092176
382.693,-0.004318650073220001
382.793,-0.024529507875900004
383.013,0.00673097062969
383.613,-0.0180699369789
384.033,-0.0205407625847
384.123,0.019349884414599998
384.193,-0.05793793331640001
384.643,0.0155033833409
384.753,-0.0517885926108
384.823,-0.05793793331640001
385.073,-0.0422889514359
385.6071,-0.00229531680371
386.3407,-0.004318650073220001
386.4407,-0.024529507875900004
386.5507,-0.05793793331640001
387.0307,-0.0205407625847
387.1707,-0.0517885926108
387.9103,0.000986011490027
388.5047,-0.0442930800219
389.1782,-0.05793793331640001
389.5382,0.014762360687799998
389.6382,-0.0517885926108
389.7282,-0.05793793331640001
390.2082,0.0155033833409
390.3382,-0.061747665687600005
391.0082,-0.020432568966400003
391.2082,-0.0674553675516
391.4273,0.051769129095800004
392.3453,-0.0296738296085
393.1349,0.000986011490027
393.5641,0.0244822499706
393.6741,-0.029761639922099997
393.9741,-0.0283374349598
394.1241,0.01899516071
394.2641,-0.033203963847500004
394.7041,-0.028181598265299996
395.0783,-0.0673225623411
395.6176,0.0269340735709
395.9276,-0.0338019502547
396.0676,-0.0449447734057
396.3276,-0.07239650629380001
396.4976,-0.013603799678499999
396.6623,-0.0517885926108
397.3809,-0.033203963847500004
397.8209,-0.0183574215892
398.0909,0.003961566619030001
398.2309,-0.05793793331640001
398.8209,-0.0363146675014
399.3799,0.0155033833409
400.4487,-0.0422760039516
400.6087,-0.033203963847500004
400.7287,-0.0674553675516
400.9287,-0.0773730258782
401.4332,-0.111897717034
402.1973,-0.0022529958000100003
402.4073,0.0244822499706
402.4873,-0.05793793331640001
402.9173,0.0155033833409
403.1373,-0.0973476946535
403.3573,-0.028181598265299996
404.0062,-0.0034266194394699996
404.5003,-0.0022529958000100003
404.6803,0.0244822499706
404.7803,-0.004318650073220001
404.8403,-0.073447845724
405.1403,-0.028181598265299996
405.4103,0.0147814595487
406.1697,-0.0302247246196
406.6488,-0.00736613005956
407.1788,0.0250143763784
407.2588,-0.033203963847500004
407.3488,0.01899516071
408.0283,0.00415849785479
409.0562,-0.033203963847500004
409.1262,0.0
409.1662,-0.0296738296085
409.5862,-0.05178523311219999
409.7762,-0.0517885926108
410.4504,-0.029421359300299998
410.8746,-0.05793793331640001
411.1246,-0.0422889514359
411.5346,-0.00229531680371
411.8246,0.037872519143199994
411.9846,-0.00018954347302500003
412.4139,0.0014088089626300001
413.1628,-0.016966383679
413.6228,0.00395213772102
414.2128,-0.0329801465039
414.2928,-0.012380949941
414.3828,-0.05793793331640001
414.8328,-0.025753118074699998
415.2728,-0.05793793331640001
415.8928,0.0155033833409
416.1928,-0.0287197681165
416.3028,-0.0449447734057
416.8428,-0.0237418249126
417.3551,-0.00593372557884
418.0438,-0.029761639922099997
418.4238,-0.0287197681165
418.6638,0.0135328335671
418.8638,0.01899516071
418.9838,-0.033203963847500004
419.1738,-0.00486197812994
419.2938,-0.029761639922099997
419.8438,0.013979891339799998
420.1638,0.0222324969369
420.3638,0.0303233235831
420.5038,-0.05793793331640001
421.2538,-0.0302247246196
421.3738,-0.059029703400300004
421.6038,-0.08463491296810001
421.7738,-0.059029703400300004
421.8638,-0.00736613005956
422.0338,0.0269340735709
422.1638,-0.0449447734057
422.4938,0.037872519143199994
422.8938,-0.0262996359228
423.0738,-0.0123631790007
423.2538,-0.05793793331640001
423.5238,0.0245549265724
423.9863,-0.034273553897299996
424.3506,0.01899516071
424.6206,-0.0006406091522090001
424.7706,-0.00736613005956
425.0406,0.0354467713439
425.3406,-0.07739754094769999
425.8506,0.0668956833658
426.0106,-0.00473764094
426.0806,-0.00736613005956
426.1406,-0.0827047988915
426.5206,-0.07739754094769999
426.8547,-0.0208375019722
427.688,-0.033203963847500004
427.728,0.0
427.758,-0.0296738296085
428.068,-0.07739754094769999
428.618,-0.0354787409599
429.0324,-0.0270439000988
429.4616,0.00622251477196
429.8116,-0.07739754094769999
430.3014,-0.008426927770819999
431.6089,-0.0022529958000100003
431.9189,-0.015112623539799998
432.1889,-0.041530187872
432.3489,-0.0011813806979400002
432.9389,0.0342585784143
433.1189,-0.00486197812994
433.2789,-0.058930178810099994
433.6089,0.0334834957466
434.1189,-0.0297668513907
434.2689,0.01899516071
434.6089,-0.013804076130299998
434.7189,-0.0296738296085
435.2689,-0.0714123263282
435.7729,-0.0353181021975
436.3224,-0.0390611940821
436.4924,-0.00486197812994
436.5924,-0.05793793331640001
437.0924,-0.0483452352161
437.2724,-0.0123631790007
437.4724,-0.0049992804029600005
437.6024,-0.058930178810099994
437.9624,-0.00435928868723
438.1324,0.030340331069299998
438.7624,-0.06080238944730001
438.9424,-0.0273656643402
439.3314,-0.0142794673447
440.3047,0.0244822499706
440.5547,-0.015112623539799998
440.7547,-0.041530187872
440.9147,-0.00736613005956
441.5191,-0.0017907533680999999
441.8485,-0.0011813806979400002
442.0685,0.00219810712027
442.2185,0.01899516071
442.3885,-0.00018954347302500003
442.7885,-0.033203963847500004
443.1385,0.0407215438303
443.3885,-0.00435928868723
443.5385,-0.012380949941
444.0819,-0.0814392811861
445.3808,-0.041113238573400004
445.5208,-0.004318650073220001
445.5808,0.0
445.7908,-0.034996882686400006
446.0708,0.0167256162602
446.1808,-0.012380949941
446.8908,-0.0540016990502
447.0708,-0.015112623539799998
447.1808,0.0
447.5449,-0.0568585909677
448.1337,0.00622251477196
448.2337,-0.012380949941
448.3237,-0.05793793331640001
448.6437,0.0138309308228
449.1137,-0.0517885926108
449.5137,-0.0302247246196
449.8237,-0.00486197812994
450.3437,-0.0724189824352
450.6437,0.019002491815099998
450.7437,0.01899516071
450.7737,-0.0296738296085
451.6119,0.061465943851300005
452.3802,-0.058930178810099994
452.7202,-0.0543622592844
452.7902,0.01899516071
452.9702,-0.0736528179158
453.0302,-0.0296738296085
453.5002,0.0155033833409
454.1202,-0.0603621264375
454.4202,-0.04350009724019999
454.4702,-0.0296738296085
454.9202,-0.0216636176547
455.3698,-0.0422906597843
456.0733,-0.0011813806979400002
456.2833,-0.027665777571
456.9033,-0.0786810194554
457.4433,-0.0210515509618
457.8133,-0.0422889514359
458.4274,-0.034273553897299996
459.5007,-0.0022529958000100003
459.9107,0.000118874558475
460.0307,0.019349884414599998
460.1707,-0.0086887933183
460.2607,-0.05793793331640001
460.5007,-0.0422889514359
460.9307,-0.00229531680371
461.2807,0.037872519143199994
461.4599,-0.00018954347302500003
462.0238,-0.058930178810099994
462.3138,0.03932729071069999
462.5538,-0.0142794673447
463.0634,0.0155033833409
463.7869,-0.058930178810099994
463.9869,0.0026984392202
464.0169,0.05974401269719999
464.1769,0.016571891649499997
464.2569,0.01899516071
464.5869,-0.0346549928448
464.7569,0.016571891649499997
464.7969,-0.0296738296085
465.4616,0.0136999030625
466.0505,0.00622251477196
466.1205,-0.05793793331640001
466.5805,-0.026032201890599998
466.7005,-0.0517885926108
466.7905,-0.05793793331640001
467.4105,-0.0302247246196
467.5205,-0.0973476946535
467.7205,-0.0390611940821
468.1305,-0.0422889514359
468.8346,-0.07349015117339999
469.4587,-0.0022529958000100003
469.5787,-0.05793793331640001
469.9587,0.048251099695300004
470.1687,0.0665434355941
470.3087,-0.04350009724019999
470.8587,-0.00798210317814
471.0487,-0.0368320053094
471.2787,0.0272350129238
471.4987,-0.0283374349598
471.8787,-0.0608990560666
471.9387,0.019349884414599998
472.0487,-0.0414868664054
472.8279,0.105619305262
473.2271,-0.073447845724
473.4571,-0.0390611940821
474.0871,0.023293036304299998
474.3871,-0.00486197812994
474.5271,-0.0736965825749
474.9215,-0.030791099907299998
475.3906,-0.058930178810099994
475.5106,-0.100157023422
475.9206,0.0179835142647
476.0606,-0.08095502698639999
476.4606,-0.012337933669100002
476.8804,0.0968773255664
477.5741,-0.058930178810099994
477.9391,-0.000188815639849
478.7931,-0.0483452352161
479.737,0.011936500320899998
479.847,-0.0517885926108
480.6414,-0.0302247246196
481.5297,-0.033203963847500004
481.5897,0.0
481.6897,0.01899516071
481.9397,0.107572379563
482.1597,-0.08095502698639999
482.5497,-0.0391697277556
482.6497,-0.0517885926108
482.7297,-0.05793793331640001
483.2397,-0.026032201890599998
483.3597,-0.00736613005956
483.5097,-0.026509005225800002
483.6697,-0.043622704970399995
483.8497,-0.0918688030502
484.5339,0.0332910921136
484.9034,0.016571891649499997
485.4434,-0.0297668513907
485.7334,-0.0189723684611
486.0634,-0.061236212117800004
486.7234,-0.033203963847500004
486.8934,-0.00486197812994
486.9634,-0.058930178810099994
487.1334,-0.0455012717732
487.4334,0.00333227050269
487.7534,-0.0390611940821
488.0934,-0.121319732675
488.2134,0.019349884414599998
488.4134,-0.0142794673447
488.8364,-0.0353181021975
489.7446,-0.05793793331640001
490.1346,-0.0554240774418
490.3346,-0.0006406091522090001
490.4446,-0.058930178810099994
490.9046,0.0390338333407
491.0946,0.019349884414599998
491.2846,-0.04350009724019999
491.5246,-0.0142794673447
491.9946,-0.0748518865854
492.1946,-0.061747665687600005
492.4746,-0.0279431450739
492.6546,-0.05793793331640001
493.0337,-0.0382329078555
493.842,-0.029761639922099997
494.062,0.0272350129238
494.192,-0.0449447734057
494.7068,-0.044727105620400005
495.5403,0.033255640939099995
495.7903,-0.0973476946535
495.9203,-0.033203963847500004
496.0603,-0.00486197812994
496.1803,-0.012380949941
496.5203,-0.0142794673447
496.7903,0.0045239842859
496.9103,-0.004318650073220001
497.1003,-0.054224718175099995
497.1603,0.05974401269719999
497.3603,0.0204333689785
497.5703,0.0144149259943
498.0603,-0.012583567711700001
498.2003,-0.059029703400300004
498.8003,-0.0238806865435
498.9303,-0.059029703400300004
499.0103,-0.05793793331640001
499.4003,-0.0353181021975
499.5003,-0.0517885926108
499.6003,-0.05793793331640001
500.3688,-0.0302247246196
500.9824,-0.05793793331640001
501.3424,-0.0548947094119
501.4524,-0.0973476946535
501.9023,-0.0535257254966
502.5259,-0.058930178810099994
502.9659,0.00625549284384
503.1059,0.00622251477196
503.2059,-0.058930178810099994
503.4359,-0.0382464179285
503.5159,0.05974401269719999
504.0504,-0.055855121135200005
504.9341,-0.00473764094
505.0441,-0.058930178810099994
505.2741,0.03932729071069999
505.3941,-0.05793793331640001
506.2183,-0.0302247246196
506.6574,-0.058930178810099994
506.8274,-0.061747665687600005
507.3274,0.0699697690452
507.5374,0.019349884414599998
507.6774,-0.04350009724019999
507.7774,-0.0296738296085
508.1174,-0.0608652103149
508.1974,-0.0517885926108
508.8921,-0.0824216055731
510.1799,-0.0421154864024
510.5099,-0.0422889514359
511.0446,-0.00229531680371
511.3691,-0.058930178810099994
511.7191,-0.0117622824038
511.8791,0.01899516071
512.6491,-0.06080238944730001
513.3091,-0.07062689051469999
513.5491,-0.012380949941
513.8491,-0.0142794673447
514.1191,-0.058404304056699996
514.3591,-0.0389861070633
514.8691,-0.02034091301
515.2287,-0.0667993265462
516.7506,-0.0736965825749
516.8706,-0.0296738296085
517.2306,-0.043622704970399995
517.6006,-0.030378404991599998
517.9306,-0.0389861070633
518.3406,-0.06705534413730001
519.2706,0.00880627054089
519.4406,-0.061747665687600005
519.5306,-0.05793793331640001
520.2506,-0.0321129582908
520.3306,-0.0517885926108
520.4206,-0.05793793331640001
521.1847,-0.04588187386919999
522.073,-0.058930178810099994
522.433,-0.0750925571069
522.743,-0.0142794673447
522.933,-0.07413916521069999
523.453,0.0036084962715199997
523.583,0.019349884414599998
523.663,-0.05793793331640001
524.133,-0.047409920477900006
524.333,-0.041530187872
524.453,-0.012380949941
524.513,-0.05793793331640001
524.973,-0.025753118074699998
525.493,-0.00473764094
525.623,-0.029761639922099997
525.923,0.00219810712027
526.083,0.01899516071
526.337,-0.00018954347302500003
526.9357,-0.058930178810099994
526.9957,-0.07103442809610001
527.2957,-0.07739754094769999
527.6657,-0.0011786199005399999
527.7457,-0.0517885926108
528.6353,-0.04588187386919999
529.0797,0.0788307896935
529.1797,0.0
529.3197,0.0282387805608
529.4597,-0.0022529958000100003
529.6397,0.0135328335671
529.6697,-0.0296738296085
530.2197,0.0120840651406
530.6042,-0.0941123092176
531.5275,0.00622251477196
531.6575,-0.007494394593600001
531.9275,-0.0455012717732
532.0475,0.01899516071
532.4921,-0.0125928928281
533.5453,-0.0125928928281
533.7553,-0.0736965825749
534.2049,-0.0086887933183
535.2481,-0.0125928928281
535.5781,-0.0531049650085
535.6481,-0.05793793331640001
535.9481,-0.0359899450527
536.2881,0.011141954657900001
536.588,0.0034732103265999997
537.9152,-0.029761639922099997
538.3052,-0.00824460588488
538.9952,-0.0065382231291600005
539.1152,-0.0205940324327
539.6494,-0.04419340229640001
540.0489,-0.0022529958000100003
540.2089,0.0663855202598
540.3389,-0.029761639922099997
540.8389,-0.054454411044
540.9789,-0.0205940324327
541.4889,-0.0423343111418
541.6289,-0.0022529958000100003
541.7289,-0.0022529958000100003
541.7889,-0.029761639922099997
542.1135,0.00219810712027
542.857,-0.058930178810099994
543.107,-0.017660411743999998
543.547,-0.0297668513907
543.687,-0.0205940324327
543.897,0.0246592261831
544.3566,-0.0548843021456
545.6648,-0.0566292148854
546.4289,-0.00473764094
546.5789,-0.033203963847500004
546.6289,0.0
546.8789,-0.0184920646512
546.9889,-0.012380949941
547.0589,-0.05793793331640001
547.5989,-0.0656858589455
548.4489,-0.00411279340275
548.5589,-0.05793793331640001
549.0389,-0.0359899450527
549.6189,-0.0613128055486
550.0889,-0.0599548377264
550.1889,-0.0973476946535
550.5289,-0.019949417193599998
550.7789,0.003961566619030001
551.3628,0.0779408115587
552.3009,-0.033203963847500004
552.4509,0.030340331069299998
553.0109,0.00905045622427
553.1309,0.01899516071
553.2609,-0.0449447734057
553.5609,0.0209443330752
553.7009,0.01899516071
553.9809,0.0282387805608
554.1309,0.01899516071
554.6409,0.0779408115587
554.7509,-0.012380949941
555.0609,-0.015112623539799998
555.5109,-0.00227988334418
555.6509,0.01899516071
555.8109,-0.0449447734057
556.0609,0.0209443330752
556.1609,0.01899516071
556.4109,0.0135328335671
556.4409,-0.0296738296085
557.0649,0.0120840651406
558.6382,0.00559919909246
559.0982,0.0779408115587
559.2782,-0.0973476946535
559.6882,-0.0469380774096
559.9082,-0.028181598265299996
560.2282,-0.027469649468400005
560.6677,-0.007405887808890001
561.4262,0.00622251477196
561.6262,0.019349884414599998
561.8962,-0.0389861070633
562.3362,-0.0130311217459
562.8559,0.0155033833409
563.4249,-0.0273656643402
563.6549,-0.029761639922099997
564.0749,-0.06663842445
564.2649,-0.061747665687600005
564.3649,0.01899516071
564.6549,-0.027456500206400003
564.8649,-0.0389861070633
565.2249,0.0119028194392
565.2549,-0.0296738296085
565.4749,-0.00495092082689
566.1092,0.000144370666118
566.6483,-0.0022529958000100003
566.7983,-0.029761639922099997
567.2183,-0.00212660410748
567.2783,-0.05793793331640001
567.9183,-0.0628214058248
568.3483,-0.0517514817641
568.6583,-0.041542862738300004
568.9083,-0.029761639922099997
569.2925,-0.0117561982384
570.6001,-0.015112623539799998
570.7801,-0.041530187872
570.8901,-0.058930178810099994
571.1401,0.021137721400900002
571.2401,-0.05793793331640001
571.8301,0.0120840651406
572.2001,-0.015594883319
572.4401,-0.0312906112896
573.0746,0.028714639126200002
573.9779,-0.0022529958000100003
574.0379,-0.0296738296085
574.3579,-0.0422889514359
574.6679,0.0014088089626300001
574.8879,-0.029761639922099997
575.2579,0.0547645359165
576.0763,-0.029761639922099997
576.3813,-0.0736528179158
577.1847,-0.029761639922099997
577.5247,-0.135791799413
577.6147,-0.05793793331640001
578.2547,0.0120840651406
578.4047,-0.00473764094
578.5247,-0.029761639922099997
578.6747,-0.0827047988915
579.0847,-0.08412741357460002
579.6296,-0.02034091301
580.837,-0.05793793331640001
581.137,-0.041530187872
581.317,-0.029761639922099997
581.637,0.021137721400900002
581.807,-0.033203963847500004
582.177,-0.015594883319
582.427,-0.0312906112896
583.0966,0.028714639126200002
583.4709,-0.024529507875900004
583.7009,-0.029761639922099997
583.7609,-0.024529507875900004
584.1209,-0.08412741357460002
584.3809,-0.00486197812994
584.7609,-0.02034091301
585.1257,0.0663855202598
586.1136,0.00622251477196
586.2136,-0.05793793331640001
586.4636,-0.0422889514359
586.8636,-0.00229531680371
587.0436,-0.00448591021662
587.2536,-0.034996882686400006
587.7378,-0.07846578323060001
