rms,f0,wordrate,freq,bottomup,topdown,pmi,mwe
0.0,0.0,0.0,0.0,0.0,-0.0005982523445400526,0.0,0.0
0.00067386426380425,0.6612337345461536,0.0008528528161333023,0.0071691166932316515,0.0016160217733630394,0.0029636944462263443,9.028739611832463e-08,0.0
0.02875918431522672,32.047197210501345,0.07174337717908695,0.6412462421640901,0.109589317450175,0.18755441331788816,0.0018890468174625086,0.0
0.09057274744760313,111.18624311095743,0.29750963130127617,2.5292495360210228,0.4425015017366653,0.6326177802516733,0.019657822656580764,0.0015512074282150216
0.12390407127255612,168.0208610149016,0.4661370903682575,3.5657674143278997,0.7971517235852812,0.8615156236014825,0.2596426565111621,0.0278643066782483
0.13105413819175624,193.2224781225297,0.5518451402484545,4.077056016657913,1.0235209019424565,1.0104038611887045,0.5369664771313927,0.042153656162041545
0.132557805205821,207.09473188882328,0.616233949466191,4.586459442350709,1.20618996795995,1.1165626670734747,0.4786041087392695,0.02849188513370665
0.13346922466966046,211.73209463729225,0.6565630709232002,4.7473364015695205,1.2650209436271391,1.2116239273788083,0.4330723923825848,0.012121547622431615
0.12502338819479902,205.4921976525016,0.6645949024539728,4.622519235809318,1.3695267884513112,1.2851446079380855,0.6629357608913355,0.002296843606020169
0.1305451897536464,197.3837065162797,0.5818568672617092,4.062980153721107,1.333996029976352,1.1635118190017248,0.5274246505406163,-0.0022990686185598397
0.14687523388732016,203.51919987906632,0.5194696392227635,3.893061855504557,1.2237565518779798,1.063700657898185,0.2362934210081383,-0.003737264848034896
0.14663624019281604,206.12824797956685,0.4777425021962246,3.6871355831597135,1.1454110355069906,0.9657735909843994,0.04060195340326121,-0.003421502426021806
0.13163674929158142,195.4352386922872,0.44796413385953693,3.17500329158209,0.9767512292976004,0.9115373491658594,-0.04808873761649948,-0.0024248291967026232
0.12106040931849316,191.55190130347503,0.4506692970815659,2.8900044558795,0.9701790627539852,0.9900544869235826,-0.07423380731590516,-0.0014407236399196436
0.11010860005393702,198.62782972447053,0.4699584622228606,3.234601761622538,1.1822258519289779,1.0047636654165162,-0.06841404148657865,-0.0007458325843660576
0.10253108585381447,196.83235132809472,0.4668849667056693,3.6105978882186065,1.187219377953444,0.8840546557458039,-0.04982619299180281,-0.00034481145137880113
0.09346006303854636,193.1121986288274,0.4032579331308275,3.1992732212271537,0.9838145059049008,0.7431855810335373,-0.03066005082174715,-0.0001449336445389297
0.09933599862449544,198.87885326247311,0.4330337963750512,3.1738739640712748,0.9385379575488504,0.8247486756251392,-0.016459766054879033,-5.6152245728893505e-05
0.12309107335378595,201.39501821100262,0.4967170745205943,3.6147538676835858,0.9739211869884136,0.9120550104757076,-0.00788149205857632,-2.0272261906909092e-05
0.1431688989229916,199.37885368165652,0.5020263513879207,3.4881802584826613,0.9914294524841156,0.8857676936046732,-0.0033636288732844404,0.0
0.14759575417322593,200.2638292315865,0.5094395539272258,3.5149962388364844,1.1180004756756774,1.0118574624944243,-0.0006659221433860088,0.0
0.148880478480249,205.1205200526586,0.5699658203239734,4.026450977454443,1.2917645232695572,1.2250587170055516,0.1328627763449959,0.0
0.14623802177979256,208.79382526299332,0.6218605569906104,4.661891180133777,1.4847683099860862,1.38224885519586,0.32982751427367885,0.0
0.12700207303662464,206.23603864223912,0.5991635129708756,4.7871684792402505,1.5179365504050863,1.3430171428265796,0.2816442996507165,0.0
0.1225620184454911,210.75324876422425,0.5248303126751759,4.142247823978802,1.300984578369376,1.1888883762224176,0.14221179294242434,0.0
0.12254515786906395,209.29917012439063,0.5097597529408715,3.818056785927285,1.2283392962246171,1.0890044516108213,0.042619165991669435,0.0
0.11975873247041995,201.48302387629158,0.4982113532731095,3.550141239731988,1.1240175840639497,1.0417976713347608,-0.00821910514661368,0.0
0.1176468731751661,196.4718770916316,0.505873692589998,3.416384934696929,1.0112346655407518,1.001669674952603,-0.02794318910199604,0.0
0.10669470395131728,208.1688292826736,0.49376944035662,3.429223939563077,0.996046566137576,0.9288735838417655,-0.02960028323487273,0.0
0.1304119568019676,220.55890437417526,0.5283371814148974,3.8168779737186194,1.140918478038402,1.0051077735574487,-0.02280900491105289,0.0
0.12453884667856205,205.41448544682444,0.4957767900617589,3.5684352866346587,1.1794106164589826,1.025636482626811,-0.014422607828839619,0.0
0.09871017839560607,187.24734323377842,0.42765270462137056,3.0325646348087343,1.0158290062414697,0.925426748012336,-0.007852936621383167,0.0
0.0890861009005452,189.6491167225193,0.4068260008732359,3.0396467920165686,0.918345596062935,0.8072392213565128,-0.003357814024147877,0.0
0.08647456094105123,209.6499715614917,0.3555938032204665,2.76355218866705,0.8648004794551349,0.6890608535510219,0.0855548511505021,0.0
0.0905348485647154,216.81601707307306,0.3967806040407702,3.2373197963791016,0.9742921056296944,0.8583245976172089,0.3752397923788538,0.0
0.09721439797557556,213.78917482443214,0.4498554081837696,3.7635257981478976,1.1328654857424498,1.0404834335935575,0.7209180830638771,0.0
0.12406974936141875,208.62245079711343,0.4939217296034454,3.873125255810812,1.1391065796720157,1.1481888426955975,0.6810077963019722,0.0
0.13623443749206454,196.4014096866551,0.5246966817367253,3.755901047715932,1.2319275061339,1.146457842183464,0.4320927024869403,0.002739528491298619
0.14421620449757738,190.59478736701683,0.4777380857650642,3.3443403773222418,1.107866621864062,1.0077879656126474,0.1765926139774426,0.03084872449310503
0.17378806857076914,194.53303990895282,0.5026275479910989,3.5555125025305903,0.9424797224887788,1.0051377002391062,0.01608081985880626,0.04162130988545045
0.19288829749046574,200.42147578103456,0.5848083730607947,4.0674246104579135,0.9173731985163084,1.183279390573575,-0.0558523320809018,0.02666603498678155
0.17993009603993715,206.61262880922774,0.5411566646435529,3.5478506375868766,1.094488262075116,1.1043089290395418,-0.07243283292617367,0.010834612595893705
0.18370851366270569,213.09368672137052,0.47651446338806897,3.0858707219834853,1.1087341166905105,1.0432283758205991,-0.03918736125318812,0.0016428237008782676
0.176804015105807,205.6804822442434,0.4593215295257839,3.1740906549047856,1.1346690373498582,1.001327044467124,0.05607800252436186,-0.0025582320088630307
0.15582521938652816,189.20471732362003,0.4410946231847091,3.152127124691144,1.1499310693005973,0.8644783808049299,0.16317184357600029,-0.003764630310917311
0.1392370477402959,177.87682882915576,0.4766771791539833,3.5467701572753008,1.1515920271584004,0.9645297944989559,0.19735225009342366,-0.003337591347713129
0.1437789852606953,183.03566758457717,0.5201031725011616,3.658167662149285,1.1030056940771624,1.1194063980869695,0.12465504431206513,-0.002318286114325795
0.1458682920922573,192.53597122635796,0.5301124382744387,3.3931585424658306,0.933442016684048,1.1501586507953825,0.04720024556375932,-0.0013566599864407024
0.1407860803837722,197.52675431993637,0.5118767635228674,3.305891763814726,0.8006183809780466,1.0576496356597094,0.002194045088365678,-0.0006937448371864392
0.1365773354007555,198.1830847452914,0.4657552789173872,2.943427462145813,0.6830558310150112,0.8917103501716774,-0.01704819901273986,-0.00031746158819932524
0.1151001042965594,191.49402476520737,0.455979668126688,2.657833919118839,0.6230312756331059,0.8130296163536157,-0.02139260963435829,-0.00013228031233752704
0.09271230645500736,177.75868029343658,0.41361035177005945,2.2462748306502527,0.902087126574852,0.6793146287180698,-0.017500131562111432,-5.086641551050802e-05
0.1048322901480462,176.66113385293468,0.3923924823272689,2.4869298596784604,1.0281399777229596,0.6715426249368099,0.09699580878708612,0.0027212843653210824
0.1230500564833597,182.77490017645084,0.4966681213528377,3.569942516616328,0.9844520501405204,0.9082230117921192,0.3702661082073014,0.03084872449310503
0.12334215929334715,185.74521241084847,0.5834056903095929,4.21572625503077,1.2770861766024515,1.1670910375686958,0.41166483727401576,0.04162130988545045
0.12133611452547324,193.05552775608288,0.5726343317678032,4.345823917387161,1.5411632158430637,1.2153581476343898,0.3602784229409003,0.02666603498678155
0.11514004971714208,208.07136513671088,0.4744511518791778,3.7188113684186033,1.3878716657014407,1.0160318650285576,0.2330213895921015,0.010834612595893705
0.13380588529125706,212.5059829202848,0.389026824867376,3.010014337540328,1.0211528488473405,0.8110339941591069,0.09070154727524248,0.0016428237008782676
0.15371720445561027,198.23943649601085,0.3943080119186135,2.714848742134538,0.9307232039001871,0.8311433653749903,0.0011211692396932325,-0.0025582320088630307
0.14627297954066953,192.75995162800788,0.4350093254428391,2.801552650765752,0.9562712834705376,0.9284534028744599,-0.0364354370579257,-0.003764630310917311
0.12971888628115338,192.7911730056332,0.4709227802965126,3.3005311460653286,0.9802339796868388,1.0183958087176321,-0.04306752625900962,-0.003337591347713129
0.12080110845000155,188.67868816227886,0.5081867503820854,3.74866278148424,1.1434742164971383,1.1410725701942597,0.02497259740148085,-0.002318286114325795
0.13086901140252474,186.3987295658157,0.5723200658538092,4.121480324435952,1.273483227042451,1.2356037832476936,0.18055133069185808,-0.0013566599864407024
0.12109573227320207,182.18895509039646,0.6131393397818461,4.259063132502464,1.294358547823065,1.283899020919463,0.177250130230443,-0.0006937448371864392
0.1183632820252781,178.92389784343882,0.5908586592407182,4.0843054718493965,1.1071509432597482,1.2668445168403724,0.09397372586855288,-0.00031746158819932524
0.12320782741134335,179.67229344188183,0.5792756818169837,3.9602466697363496,1.2075411619002945,1.2322166451367116,0.029613456465329573,-0.00013228031233752704
0.11165207951341988,183.51410017187595,0.5378602996772764,3.8698026075219984,1.3065239531251174,1.1576395367086167,-0.004050149950356725,-5.086641551050802e-05
0.100275242678757,186.59443410997463,0.5534455607668367,4.202187793836316,1.336652606952819,1.192141664874055,-0.017205727946566815,-1.768409995025539e-05
0.10417104353377668,194.30314530927384,0.6296848700796372,4.8394652770621285,1.6685690535344595,1.3866277632916049,0.06490676798742755,0.011717198967017176
0.10348027424247457,202.57990026867,0.6217981114664317,4.9507101146396275,1.8190198558503132,1.4080222189402058,0.18432693465108135,0.039655705353996366
0.11429359399846005,199.3936818043197,0.5782077613458492,4.903798459060949,1.562473331397307,1.3634772896275424,0.2404422084272441,0.03708286273003954
0.13108152892909405,188.29650912135395,0.5516309247691942,4.5451592643848935,1.1971981965390452,1.2522529171864842,0.5448872728683929,0.01962709418777256
0.13019379258865604,175.9023080392636,0.4899258787023311,3.6406668169168452,1.189372780886367,1.0837704843549187,0.7041140039660859,0.006398716441646694
0.1249575017345472,169.76240717236962,0.4952192640904179,3.5237806092820705,1.2019425449394907,1.067083339737541,0.4602526213517056,-0.0005046372661586722
0.11923055992859001,174.70927930581718,0.5008806603885285,3.470264333367313,1.0420708100984668,1.0043883322205849,0.251167111477353,0.0010495960777888273
0.11535574935613765,189.36828937329886,0.486263519969819,3.3029094193264483,1.019447153382946,0.9338432981742524,0.30865661196372285,0.029841928064036464
0.11724405749797108,204.16127823107948,0.4718810544072155,3.1954553028445942,0.9986388592359816,0.9528695093349338,0.3246399169417665,0.03785846551611437
0.1063021169777895,203.47258059266065,0.4562120138578649,3.1288204872010104,0.9141021273682021,0.9141249459575608,0.27782509542961403,0.02294752501570059
0.09454686516584186,191.73761278146526,0.3873640032186165,2.661223240128497,0.7384146787261308,0.7328604299349575,0.14421896118240496,0.00856751701996793
0.1192956807462557,191.41737004083114,0.3643244738933946,2.4673575326876547,0.6157498346783825,0.6900021091588128,0.02923727754324777,0.0005243833712715802
0.13555068318212288,192.55487442678262,0.38621778976569,2.5149465618936127,0.8622836483495528,0.8035279447664423,-0.029213848199910623,-0.0030139938699541803
0.14033451162594798,192.41703741907375,0.4546865505917586,2.9779127787878767,1.0245730475279844,1.0299086536014204,-0.04756577540496969,-0.0038669293217678314
0.1364701616053151,190.35336864148567,0.5417196306014533,3.7967987394004576,1.0636022518687778,1.133922938011393,-0.04499854056408446,-0.003282118123581484
0.13707910346000202,197.77514272240344,0.6034619213074272,4.4149538496172624,1.1186215801237416,1.2175137913564045,-0.03380149212170905,-0.002212680586191369
0.13776231612991024,199.0779829575278,0.6113730070113624,4.380258675671294,1.19785458100242,1.207828254568309,-0.021629131642824817,-0.0012757912576868715
0.1174696851611232,190.01347715900084,0.5752106958291399,4.115562148957286,1.3758775826498053,1.1628085489481998,-0.01208450057021947,-0.0006445816897177058
0.10607614644010828,189.6348889902461,0.4697612341268194,3.426652524496242,1.1988108529424666,0.9733444674202868,-0.0059243199789726685,0.0004711606577962827
0.09998698427128723,192.2265213288952,0.4157170676068698,3.009223222421844,1.0245534370430591,0.8649878194062403,-0.0026904745632931443,0.02456058982147771
0.08522402866528556,199.96052853365262,0.4200909674912814,3.1734788450942766,1.0436394104656253,0.9037151473975004,-0.0011184187708955554,0.04233073041308507
0.09005971053792178,211.65517278210515,0.4892578114019666,4.006627290766459,1.1038442416825889,1.0652370322090516,-0.0003748219438265313,0.030296019572636636
0.09345085299548864,213.38399726181225,0.5128135975371775,4.196079195075143,1.1074692014927088,1.0730954252794636,-0.00011948342106730779,0.013481555491288787
0.08218521345739083,209.07167817252704,0.4479676858624251,3.29697892569255,0.9848633306470892,0.9075058606871024,-1.77635683940025e-15,0.003002730186471079
0.0973603496932133,208.5570791846345,0.3713873038824181,2.580164667492053,0.8440692007458657,0.7730741571412807,-1.77635683940025e-15,-0.0020089272929971155
0.12530426100058994,205.38377383531127,0.4042667091029313,2.957148702338118,0.8285104293907112,0.8862650786431632,-1.77635683940025e-15,-0.003692558315183979
0.13103110125218664,198.82980991881652,0.4294107183932097,3.0773137279479794,0.9524066696905692,0.9840178340404908,0.02220146645304837,0.0008661077733824428
0.1082133899848826,186.28878562064037,0.4617242514985228,3.4051661483099043,1.1085191051728178,1.0853086976039763,0.17072531300021626,0.0310345108490577
0.08609292398246304,172.44203658872638,0.4823234818621183,3.8141956671017367,1.1570168254503923,1.1074442544231913,0.2119321057661161,0.03928507116896095
0.07685203735916342,165.40846701434612,0.465457244641913,3.767171004087364,1.1065128379189058,1.0679590884362655,0.2670595754687089,0.024051851307513174
0.07710389502814043,167.47318362279708,0.4562277893309593,3.4130437845603163,1.0047428636561355,1.0557781991619266,0.29042745124644714,0.009246119376106398
0.08924690742304334,176.5987191385251,0.4642770714222448,3.279177222326278,0.9375337101264356,0.9624488563872362,0.17802439751655005,0.0008794210106890014
0.0957856206194376,187.67101463190886,0.4005356423636942,2.765168926558947,0.8361994069422036,0.7729392336827015,0.06264847170265528,-0.0028499223073418065
0.11832146803177415,194.63358728551745,0.37093891193038064,2.507931738716561,0.6881463859136969,0.8067313055028492,-0.002092820295115101,-0.003798371962454371
0.13004952026642175,195.53832542804813,0.35677337134896114,2.338504823156794,0.7928841793354388,0.8044836136946708,-0.027968961116639483,-0.003248100007727923
0.15006886563442656,201.28965529443275,0.4271480854991357,3.026471728025964,0.9629066192045528,0.9342162299970658,-0.007828581095299578,-0.002212680586191369
0.16229635759532962,199.60224797940248,0.5374195194250009,3.9303108173949135,1.026308938793204,1.127691747336907,0.07804902683512978,-0.0012757912576868715
0.13864957574339576,194.0407899286189,0.5180345540448865,3.73513661576994,1.2092606641295978,1.0747236003327587,0.08816458465877612,-0.0006445816897176995
0.11394591041770726,187.27615841682805,0.5122005830742684,3.9777743312492384,1.1966196240896698,1.1135628117883465,0.10076531463642444,0.008607968505120142
0.090665978683855,183.9954919541267,0.4920385920450103,3.820211435822115,1.1476114392296004,1.0552506841813925,0.2525842907832335,0.040620447043891374
0.06108239535787052,187.38920446843684,0.4124482075379357,3.0693741729329047,1.0449005194360617,0.9159450716676728,0.3808982707632463,0.06931126667727258
0.06651057519698678,193.0607021416608,0.3951088124614139,3.091211096347326,1.0429965248522426,0.9580656226071356,0.3273907426677344,0.0629268911929238
0.07752859593745799,195.71229441310416,0.4241585508380299,3.46586857316999,1.1311597268201783,1.0302603017123475,0.16849456522493006,0.034070273530408965
0.08841910976252795,191.57527613044832,0.4679736418326533,3.8699286960997052,1.1097346779515556,1.0856576317597129,0.04638148108406349,0.010801280479288695
0.1112472516097186,198.82381957515892,0.5443035383076897,4.3144503677436346,1.1334557807411056,1.2105606033861287,-0.012669063351488402,-0.0015079109926548974
0.13110830355292644,206.4894011249725,0.6346935900156853,4.849110924092433,1.181535123206113,1.335005371326066,0.06216808297654412,0.008487041323182783
0.1139779061713112,199.62723489972717,0.5868237937183516,4.376905940461104,1.1977586115408982,1.187359108869895,0.17892022315088724,0.04299442074132243
0.08955905001851587,189.2179408644349,0.4759109636349281,3.4980338406720555,0.9865915443478728,0.920117623960381,0.28707924321144895,0.0681781200718929
0.0893021202187432,192.89800881486283,0.4177594638844547,3.1492461935531737,0.7061241261231848,0.6905057092620834,0.2320004720908629,0.05305696434990205
0.09702208345390427,197.79768099169362,0.40642046106940977,3.162489695725317,0.6785815655739117,0.5986561044970049,0.11039089951511087,0.024869101519456597
0.08711034168605751,183.95546789675086,0.4076509500462948,3.2867871567112052,0.8415082442346054,0.6175860352352252,0.02451413141392766,0.005528223023922821
0.07003910475466862,170.3570187655199,0.3826694638149061,3.186608906887899,0.8857621261032551,0.716368240069859,-0.017386021986057314,-0.003892899108194629
0.06709222925637646,169.48418950806138,0.3509501641845157,2.9496323199976517,0.8246988741284668,0.8334567158337469,-0.03121884926650165,-0.007017829061474472
0.06935361313063476,168.30388315198763,0.36191807343945737,2.9691637491302525,1.0124620118723504,0.8975449739206097,-0.0296495416385172,-0.0066563278538583435
0.07495251178635598,168.81606363459588,0.3633576795738053,3.056192744736421,1.1289010860420428,0.8836631741053741,-0.021847193084379008,-0.0048809684607768935
0.1100112780717982,183.30184292767933,0.3769091141656767,3.181240419116632,1.125074578179791,0.8669044566964923,-0.01345847499807285,-0.002990810475866419
0.1535595443637736,204.59986404730395,0.4607847374836046,3.7761978623511028,1.2324006528900346,0.9979203581009348,-0.007237266541402303,-0.0015991097447161124
0.1680325155745613,216.71820382870263,0.5782149576324503,4.6012384552423695,1.4618310926718918,1.2260534591290098,0.010711455339546087,-0.0007618094614856173
0.1470841008233802,214.7000138934536,0.5762570390094195,4.4749260348308555,1.4194787909735953,1.2490893916380703,0.07780193910342698,-0.00032917984267848355
0.1060144492818813,193.14625045353097,0.4901933572557118,3.7179049837467963,1.172705710457441,1.1010793985436496,0.08708605062418419,-0.00013080559761279508
0.08601852523485276,189.5965221518731,0.4559257526235841,3.6428127567997386,1.039618492373742,1.044104951670497,0.05067639043794064,-3.765555143117948e-05
0.08941978448260587,204.35767977505276,0.4923365579653554,4.168054578464864,1.0312774588626392,1.2271897976152415,0.018694343552851687,0.0
0.09228255157600593,209.73579732832692,0.5132814840298112,4.223692258258909,0.9431373871363988,1.2681816351363813,0.001058849047583211,0.0
0.08427075159119092,208.7408564541961,0.4886040021496768,3.6587321989444335,0.9948921880099753,1.1187189393674222,-0.006593122550915021,0.0
0.06553358648543199,209.2973803406224,0.4258904127320175,3.1957799578435138,1.0817605624577942,0.9754622587015436,-0.00831831684285052,0.0
0.051353339029862256,192.86510983457023,0.3685042494490107,2.9575265180874637,1.02674902218645,0.9045195385985508,-0.006954951868008496,0.0
0.07322048720249491,186.5197944190862,0.3983126302440335,3.201670013552765,1.0390831592344083,0.9904763340526545,-0.004649467054628752,0.0
0.11562316772765187,195.45554772929944,0.4757470252242315,3.698134469995521,1.1448582688384434,1.1571174131257198,0.009445143728012131,0.0
0.1435768470462617,197.47404838622677,0.6078572824216466,4.765818769277648,1.3077366117683784,1.3801034660103046,0.13479147613829653,0.0
0.1360689900977299,198.51977582419968,0.6502755638392688,5.211518240764972,1.5291429400990344,1.4283912173575972,0.18292849461182692,0.0
0.1185826085003836,201.60263550414803,0.5999696961760965,4.975760823471605,1.4614701250027171,1.3351715604922991,0.11488555161696043,0.0
0.11742351666284025,206.3408751899421,0.5831107826936889,4.97004469961829,1.3222845485186263,1.2769785676473442,0.06836754954719923,0.0
0.12083414183899918,209.6411077035088,0.6359976259458464,5.431769499938007,1.3301777740155551,1.3962413830476934,0.11455126906773072,0.0
0.12556488403593366,204.72500412305774,0.623048572265957,5.223430926593054,1.396485988619505,1.3243645570788956,0.14486409799799216,0.0
0.12382674786000425,200.89226181658563,0.5474057759294564,4.4641304446919134,1.2861550204574392,1.1381654321498071,0.12043858774174655,0.0
0.11632669969608707,199.75428954703102,0.5225699547635384,4.1868167999244426,1.190292636740613,1.1026393490619428,0.1613366303234169,0.0
0.08938857857309887,186.87639353170886,0.4398794029674392,3.249173431166584,1.124094411708447,0.9564243780383296,0.138415866333435,0.0015512074282150274
0.07676857520398342,171.30312057185296,0.37895183442734737,2.3872816235758325,0.9985969084207114,0.8773193675565263,0.2001547279075062,0.0367642834828019
0.09656293082520627,171.73894571374444,0.4080205728546483,2.53288015530704,0.948206150092725,0.9326176994359135,0.22261645556912973,0.0801552097606612
0.09630015416996636,173.53566033858104,0.4271034116415583,2.908260219577277,0.9750153607411643,0.9223573267312706,0.13047849146355894,0.06700047347690744
0.07705688632814459,189.96388244370968,0.3958226189767066,2.9363912997004236,0.959195266180918,0.8310408837377616,0.04103639635867573,0.0334435378317561
0.07054360644921592,203.15623863245327,0.4097171014157244,3.3195453692414603,0.9291049124932264,0.8438313847714961,-0.006893756073425639,0.009701082149647586
0.08018792633636802,201.42166245748047,0.4100940218590089,3.4702303536161043,0.9880380122967504,0.8512269159068426,-0.02510338713421677,-0.0023324007351648497
0.0909008724485636,206.11375410876386,0.36265409991756303,3.040569280937677,0.9962981373479176,0.8327049361925942,-0.027213204001136155,-0.006902427298415122
0.11285024496110894,206.59334088497798,0.37857080882366667,2.9684781330930097,0.8723954993706782,0.8234066417378283,-0.02181768656070917,-0.007176124430879281
0.13445902075007693,208.68771441230857,0.4519800449390355,3.4934673180826734,0.8891934604192206,0.8317923892877729,-0.014444882511569132,-0.0054805966387250675
0.13623399935003247,212.8653808524541,0.4527889976103252,3.4261051157796167,0.9477152787473996,0.9098872973743632,-0.008249257548541321,-0.003446554687638108
0.1323048151922716,216.04743216893365,0.4402892563990861,2.9846232941620947,1.033615346177963,0.9555208984495542,-0.004137586094654899,-0.0018696572977514312
0.1380857069569187,216.56558867475545,0.4273831761366568,2.6716789726410632,1.0074605838786082,0.9716668580861932,-0.0018832435553801726,-0.0008994720385847287
0.1463774195823892,223.6904472423615,0.4195945670931691,2.655299776119612,0.9727799023664232,0.9819644135390206,-0.0007371615028556807,-0.00039131753188086506
0.14557164468399608,225.4207334768777,0.3873320125479629,2.5649904276816042,0.8453826771976329,0.9780960831811404,-0.0002856015522280745,-0.00015624601963031614
0.1351241652307721,215.88842161949736,0.3812877891983616,2.5612749549300373,0.8062570710299508,0.9581268951421522,-0.0001031087785126974,-5.792781333808857e-05
0.11771217573302566,198.0369289603347,0.4321141731574431,2.7779642790300207,0.906041480253808,1.004725208669732,-1.77635683940025e-15,0.0
0.10353344174296,185.16847890716832,0.4705879161847146,3.032273811822803,0.9994216204279608,1.0198799863871348,-1.77635683940025e-15,0.0
0.1078183477405327,188.48665816090252,0.4301252669456551,3.0612409869496755,0.8964483095777375,0.9538037446476244,-1.77635683940025e-15,0.0
0.11818674353753987,194.4557682791093,0.41537772976784937,3.2383381050692703,0.8492924845049437,0.8769444990655215,-1.77635683940025e-15,0.0
0.10510752183152243,190.49060121861638,0.3758810610158961,3.1221448172999438,0.997905010454838,0.7900985015807453,-1.77635683940025e-15,0.0
0.09896853147813292,179.41054847424041,0.3294119583956028,2.909075890873037,1.018103712333005,0.8135888458521833,-1.77635683940025e-15,0.0
0.12102482752247992,188.3551702275476,0.3725903120784563,3.2948692133087154,0.9569657102591952,0.9969669702310804,0.0030638886646666,0.0
0.14878711063124878,203.27902384423976,0.4693476295473291,3.986870486282783,0.9825012229261124,1.1835531133553916,0.0345012134730869,0.0
0.15784116387602076,209.69685190414557,0.5489369881522428,4.552854019676948,1.1280946214654055,1.2808039903816923,0.05175300734510774,0.0
0.1497801141835416,210.7769034825715,0.5858052267933476,4.940956344483128,1.4701802506446744,1.2614994124513357,0.10259812951532372,0.0
0.13655312836446498,207.20791104123074,0.5962580418857649,4.97554100698026,1.5435694656443482,1.1835909754951541,0.17048405643055786,0.0
0.11415197483772625,199.8868798601419,0.4543012869151278,3.5844650607756927,1.2178998456603578,0.8920200251415225,0.14017614423855146,0.0
0.10593138188734576,200.07172228327855,0.3405582922310552,2.5972925991810283,0.8774058423443108,0.719052689555795,0.0685871340508176,0.0
0.09145453067090524,194.19807782467757,0.2982194579488909,2.1370918774018315,0.8537225139955731,0.6645214787714775,0.017604524632940034,0.0
0.0834832540194348,194.5625163525752,0.2891878464530192,1.9190973492343917,0.8181110431946483,0.6901480441175791,-0.007533274816534479,0.0
0.10202734943652976,201.9502943114659,0.33928250191860515,2.060293346095832,0.8362502304814279,0.8523495496896347,-0.01633680901676442,0.0
0.11383540994466912,197.20772307807744,0.4101600889599478,2.2968629695485854,0.9094956949013452,0.9934176174676872,-0.016175360136666886,0.0
0.12089601087273626,184.10312086672403,0.5195768490208158,3.336292188935276,1.1937129226473344,1.1793587600021205,-0.012134420568079656,0.0
0.12302659253861407,181.562304917307,0.5759861053478127,4.19302394273485,1.3865484655466862,1.2443357392166372,-0.007581491739114991,0.0
0.11914273001698494,196.05689709425624,0.5774687061503558,4.582212656967059,1.4312381101367513,1.2805259253472472,-0.004107914500849568,0.0
0.1357890311576971,212.57908157877026,0.5567572791977464,4.609651843869332,1.265620073433129,1.2545116268950105,0.014667315455767252,0.0
0.15362377784169534,213.72892578415173,0.5604686406776626,4.63880358364138,1.1670213840222172,1.2079076877509491,0.2375543448460669,0.0
0.17393597445592113,208.9483890480409,0.5521494762360504,4.5419117386180075,1.0687696354193943,1.1344073493832494,0.35946282291159026,0.0
0.17678226849819434,204.70233767676308,0.5055697234967309,3.907632220405017,0.9166047210178102,1.0676919732407095,0.2446931443864421,0.0
0.14568656178275552,202.61632760976462,0.4641087503731194,3.2025337433831385,1.103710591634706,0.996244037545902,0.10478442275294278,0.0
0.11963787364628092,204.39539193710797,0.4274691395907119,2.9242034606403164,1.1678314456958458,0.8949637426751411,0.02015672944729,0.0
0.11008931985590467,199.48915083693615,0.4430760699577472,3.0940975735918284,1.1788269437822418,0.9122780500533298,-0.01952461866708976,0.0
0.09971567537650207,192.23492409753536,0.4836589937253675,3.534218152856474,1.2547097212516247,1.062665838347001,-0.031994876343167784,0.0015512074282150216
0.10383729655320507,196.72617865922746,0.5636196914500478,4.210086121661976,1.3304772888174703,1.2255754265442766,-0.02936420670263658,0.0278643066782483
0.09945933937675973,193.3491864660913,0.5511132535507164,4.1069602302220884,1.2727077620829514,1.150388065974287,-0.020850927776039124,0.042153656162041545
0.1068901102217486,187.81904006137643,0.4981624146004371,3.725885910205701,1.084113227355211,1.1294093459884813,0.011491212676489379,0.02849188513370665
0.12702596248451695,200.6787476857611,0.5035416409993644,3.6705141187243684,0.8411003203968851,1.1185111416264548,0.17737255395815374,0.012121547622431615
0.14862405537041545,210.87485467412304,0.5400682206576249,3.7139839952939036,0.8427839258292091,1.0592730188042487,0.22051078725820594,0.002296843606020169
0.1446218098267481,206.33767902379844,0.5530222141500329,3.7219972405500537,1.25787762868534,1.074691367913021,0.13483874454433564,-0.0022990686185598397
0.12941749896578336,202.278536675234,0.4814380996265184,3.228206702634128,1.3395706667276612,0.9976744643663678,0.052193653748365834,-0.003737264848034896
0.138698168363992,202.0873175727541,0.39866300680963096,2.5306710502058296,1.025042501859391,0.8701537352998356,0.005508503583819386,-0.003421502426021806
0.11780174484537385,203.3168479914327,0.3046896049975176,1.839191378700776,0.6809098738669358,0.7026883640454307,0.010325124342114795,-0.0024248291967026232
0.07984789306696291,202.5195119466248,0.2697264113875704,1.943050060669265,0.6562232416831264,0.6749538664651953,0.12248012728060613,-0.0014407236399196436
0.05301382285161152,194.09093355290005,0.2800730244532825,2.3901063856400877,0.8109780887130854,0.6404308073034762,0.1404963653078742,-0.0007458325843660576
0.057711593882570376,194.80135974263126,0.34758815147982114,3.1313038670847178,0.9089097679589484,0.7931652955912363,0.07970488245996728,-0.00034481145137880113
0.07681201714678022,200.63919607624283,0.4674973464340587,4.002364716356023,1.0711803856068254,1.0568237443610309,0.026758871347568658,-0.0001449336445389297
0.09449563512956252,201.59858925937687,0.5482544346142476,4.4387994826740975,1.2821347206463436,1.1150378393229772,-0.0013580287699960494,-5.6152245728893505e-05
0.08768977202020309,202.18409839871654,0.5528589920692539,4.539709002395575,1.385122184346533,1.0583927190573064,0.06237952821813701,0.00028603228419782465
0.07025742604485345,202.43639522267787,0.5577288075039201,4.7383606325716565,1.424069552835617,1.0456128094435058,0.2051642510363743,0.021380634006569955
0.058617456968810135,195.63569547917615,0.5079700574984379,4.315697462696707,1.2822457156808489,0.9221998373422632,0.18619013094096007,0.04226054821065224
0.05953288078434814,192.56632413292084,0.431676221714976,3.585483591678116,1.0990473962953748,0.7794978983987507,0.09490733658127347,0.03210689055355243
0.07450784820406348,183.4221821198539,0.40223278917075134,3.2907506946984486,0.9678832771867134,0.7695322566813834,0.03287686034711648,0.0149142353849673
0.10671274192404742,187.910327618234,0.4489252652605783,3.6976788705667065,1.0081634039766807,0.9044375865185732,0.05014226561786704,0.0037631455401823063
0.12388950995351115,197.91061728721942,0.4525838050312708,3.597339244745388,1.0478356429579012,0.9503024385911952,0.05656519025853656,-0.0016861750002988075
0.13299317439720654,202.3332872189304,0.4513353085031554,3.3540334636074123,1.090425420433505,1.0374555378290702,0.04432496478606962,-0.0036292837864894383
0.13709303337915976,199.09779293671173,0.4639450499760638,3.3860795305771845,1.1198336000076416,1.1164237554658685,0.2964262221064058,-0.0035689393356649244
0.11916079507212694,185.13189674777416,0.4231804866191808,3.283124950091876,1.0581766325312567,0.9831458402604124,0.4356195162544305,-0.002638912664678025
0.09652447824526213,173.04776748317653,0.37285849912418395,2.8703597359075066,0.8913276585057892,0.8372999709418691,0.2890120222906537,-0.0016180988499256243
0.07858052558229706,171.8136064841978,0.3838145375487534,2.8652669291258253,0.7331586796245061,0.8624069926094493,0.11771751379087335,-0.0008591099986915179
0.09704502122704592,187.74787195471146,0.4833917163825543,3.6714879221662526,0.8151841076455137,1.0431717613966878,0.01682157115772294,-0.00040562024909357393
0.10699167740924367,192.73362667844083,0.4860926631005018,3.637093742680461,1.0551339054241071,0.9695659458835328,-0.028358256722115283,-0.00017356142914335212
0.11427243432274478,186.76344938097745,0.509733548989715,3.9362136033326425,1.2024685651772715,1.0161302099072929,0.06318618948595718,-6.828371992668363e-05
0.12276212728427968,185.36717523944031,0.5366377097300292,4.183288370721414,1.2935061908477068,1.1269030603037689,0.20602307194213196,-2.4983518428066397e-05
0.12909651151843093,183.60982223623532,0.5040547245481337,3.9390630356496015,1.2959864775491472,1.1595042823516712,0.17102636979155764,0.0
0.14630649402326798,193.08277025374645,0.5136441604350169,3.995475731669864,1.3225578415082444,1.2341234076991203,0.08020763003009382,0.0
0.1520513845352843,198.87014336252295,0.4917852450962353,3.5517301510121277,1.1370348655923008,1.0966973903600516,0.018740859201938364,0.0
0.1402064053479654,203.54945836775158,0.4626437708403894,3.1260773220571174,1.036036666797551,0.9897809550342114,-0.011393524338397224,0.0
0.11685250102494248,204.25366726413986,0.3709615398530224,2.6227096459731003,0.8253204116030042,0.8497163696843464,-0.02216810494159524,0.0
0.093944023127785,197.15503860948544,0.3200031018429037,2.532990600179009,0.6084148279337783,0.7905213155547368,-0.02172654381322695,0.0
0.08676457672156293,190.49541717587908,0.35835843285566865,2.9550991908922626,0.6899659954383937,0.7936840436851897,-0.01619658210571026,0.0
0.08280470677735183,183.41367207744892,0.34288579647888723,2.8655105624622568,0.6704082442617403,0.7461797580813316,-0.009962269372876477,0.0
0.08839330544648875,189.10153081600956,0.3509809032821245,3.0244683795316027,0.6409936492082682,0.8830871221160902,-0.005358720279682606,0.0
0.09519220509903786,193.8508830763934,0.4500651507538241,3.850540169912194,0.9329164886371925,1.1955566978040224,-0.0025575144654645518,0.0
0.08636064789507136,192.7065798309984,0.4954879579195186,4.223330837480365,1.1652054211827745,1.211278770515644,-0.0011043766901671886,0.0
0.07291842490600504,183.84774187709718,0.4228849531125504,3.5529412896198718,1.120953438833464,0.9895093743195548,-0.0004379125165899548,0.0
0.06579725298468482,186.38102713179137,0.3749463691078125,3.1946684093570323,1.0089692943165167,0.9288576360324592,-0.00016131827395215258,0.0
0.07673169362629617,194.95638861722813,0.472382001727828,3.950700298293644,1.0122768423202675,1.1066957734406135,-1.77635683940025e-15,0.0
0.07230298862974613,199.3068342202744,0.5393985612837316,4.390280439481917,0.9468283879401064,1.1935342821715913,-1.77635683940025e-15,0.0
0.052446061827590776,196.2854417561197,0.4520794952276158,3.5729705181611235,0.7828780309048251,0.9954181972683706,-1.77635683940025e-15,0.0
0.08567168573240945,202.1573882390828,0.4245498042069499,3.3422190580288196,0.6400671278234642,0.9109731170126032,-1.77635683940025e-15,0.0
0.12662356985501827,209.64102806182316,0.4850262611826872,3.523292014917258,0.7439326870071041,0.9762511427068504,-1.77635683940025e-15,0.0
0.11824069478005422,203.33986201902928,0.4867076835615576,3.2604866646988624,0.7953037100387431,0.9495950538946564,-1.77635683940025e-15,0.0
0.08237527220309783,188.0300548569612,0.4079728854118185,2.6179219755467846,0.8088801477683598,0.7876689260326204,-1.77635683940025e-15,0.0
0.07457793923379466,184.34617295343014,0.38650620427227655,2.5367533904710964,0.9281073166444996,0.7725013077036454,-1.77635683940025e-15,0.0
0.09490994483192987,180.92116985898082,0.4403236811556766,2.9080738846621395,0.9991254217224076,0.8741971025345829,-1.77635683940025e-15,0.0
0.10557224114129388,182.21115753393408,0.4412549104324208,3.0888248064405825,0.8865158897784597,0.8627267936238117,0.0004597274671239257,0.0
0.11246545627602957,189.7928017311039,0.4597175117496498,3.6029759539222668,0.8938850299087724,0.96379994647807,0.09312870915861364,0.0
0.1160290295875522,193.4232657736636,0.4814202002725895,3.8491051075268254,0.9714291187100029,1.0495121625255444,0.21551149503049916,0.0
0.1196996870068184,199.97982015422576,0.5183859854866231,3.765646991726968,1.0073549551110836,1.1089991736506444,0.17803737585194654,0.0
0.1212043003316812,210.24950244852346,0.5479974902784109,3.504581818570114,1.0776057736464648,1.1298464758589843,0.20458123640332776,0.002739528491298619
0.09977456679270544,209.33420489293118,0.5642299232524821,3.567574393917469,1.0827347718200229,1.1750019073949418,0.3661388056013065,0.03084872449310503
0.06754743546600724,190.4409669597163,0.4772950930257565,3.2612993543547946,1.0136454812027904,1.051113056278696,0.3088596163127806,0.04162186991147773
0.0549217508744576,183.0338916594257,0.3986064014731977,3.063723150014104,0.8480012573582536,0.9590443657427754,0.2142226131755368,0.038383233953798716
0.07116354231402564,198.5482795705711,0.3918899598766391,3.259391951307552,0.683277735596259,1.0358810776416214,0.25753603561990684,0.05049031794989007
0.1043946732675409,212.9649599954961,0.4239648046883328,3.392248518281763,0.5893781825181218,1.0269883604126682,0.188684434555103,0.038725686430917804
0.13195157597107773,220.89694864188175,0.4737105795906933,3.6159585317800302,0.5894298644314113,1.0406036828086356,0.07230753384588665,0.017068862178909527
0.1245868840543118,214.5305948808263,0.4394416322777418,3.040175878483278,0.5779362013553166,0.931710678753574,0.03677242174023355,0.00906329155946873
0.11138658119745977,194.34814473140403,0.4120130797010372,2.7638073459169155,0.8090590870271192,0.8042248320843688,0.1809750607142038,0.032121379029833516
0.08935091864794611,182.6540708939433,0.4469579891716362,3.1383848013918465,0.9436864937271444,0.8820657353438557,0.19789752505951327,0.03412986362930278
0.06673304225257226,186.8007911384002,0.4181068726954924,3.2005097826908617,0.8144106626919672,0.9093988613165516,0.11597184178249098,0.01798614637006278
0.07538501997429177,184.8531449393029,0.4135547221846304,3.4046953292256688,0.8280064020477332,0.9831859606823126,0.14853084881836476,0.004829136099612243
0.08921870598604068,174.94796436049512,0.432812419028494,3.5038345091976706,0.976520620675064,1.0413188769252255,0.15183709828089248,-0.0017425567810115366
0.0893885710406167,168.6720489056239,0.435256745215748,3.395410492260824,1.0480606898339306,1.0663809453748776,0.07929103541752427,-0.00417485208892486
0.08019777030996225,169.18382553114543,0.3774916810597012,2.9683576655321686,0.9765630841121348,0.9923038981289308,0.016720692953955632,-0.004336709558671497
0.07283642434322812,177.5613272820736,0.3164543632327675,2.6172517834370463,0.7280887697854652,0.8343249060865314,-0.013435070099126024,-0.003398146516604623
0.0784312221449368,190.72174018441555,0.3821606647850928,3.1905578265598207,0.8148535865384309,0.9007033198800447,-0.022845269863579064,-0.002199479931419073
0.0988645665828857,201.85666666828442,0.4580080717715945,3.72778530141235,0.9969048135139608,0.9590498403820904,-0.021857585112128024,-0.0012321878425422333
0.1231259421008542,217.2334272168743,0.4665103259715188,3.446636464240917,0.999503204083234,0.9678339236453748,0.0005424610028280071,-0.0005982523445400526
0.13389924737883746,224.48779971770276,0.5220967003467726,3.5359512788127985,0.9915292689959436,1.0878790883927498,0.2463375700813541,-0.0002683491004997346
0.11640223796083694,217.31912002746049,0.5131306921810411,3.4541662431630784,0.8411701964624191,1.0371279592344496,0.3895192906625645,0.00019637634346613865
0.09217555748463792,192.0404678191869,0.40999523106498703,2.7435411597173514,0.7263486780295254,0.7786397830222567,0.2996126289014212,0.0213389798797064
0.10376014531393676,177.2448181175546,0.3884980615326071,2.71476217224262,0.7847877926869031,0.7606414295763227,0.3535599148743552,0.04226054821065224
0.1151200473698844,178.10689551092054,0.3965977305776136,2.9833226353982223,0.7719137987961269,0.8538065627008161,0.3116352257183938,0.03210689055355243
0.09140510669512854,187.93082293224197,0.31193471840111797,2.4296228450292947,0.8616733557338536,0.7828974628417078,0.15474797785917607,0.0149142353849673
0.06625186902097772,192.99505055164684,0.2063435500821119,1.6674633178535292,0.6849722371511583,0.5695479853845706,0.03296790195555077,0.0037631455401823063
0.06281173412642778,192.9419486697256,0.20063137825910746,1.6076328537688758,0.6024921190879965,0.5171237752184936,-0.025016098944569336,-0.0016861750002988075
0.07032147995753624,193.7696856489701,0.325049832501791,2.3413742384213965,0.7900968940839485,0.7097158056211262,-0.04259005614416357,-0.0036292837864894383
0.07980284548379515,191.6409984254671,0.4314155574839723,3.056735343455701,1.000909560040424,0.911386008984218,-0.03814408672799535,-0.0035689393356649244
0.07910607332440234,180.75350543474391,0.4301419206797017,3.1508124770968635,0.9481075311347996,0.9783513686020028,-0.026976637804866997,-0.002638912664678025
0.10030104833743717,178.17649490134477,0.39421035013031935,2.915405237750739,0.8443425974468883,0.9781335940399548,-0.01695134060909214,-0.0016180988499256243
0.12314720543523093,183.45508854740174,0.4282267791199225,3.0038495656720605,0.7836431188696528,1.0077379816474643,-0.009605569828499366,-0.0008591099986915179
0.13426902942759855,189.49967560919828,0.4336371536114799,2.6968060535958998,0.8932491775474349,0.928427404573982,-0.00498169033562178,-0.00040562024909357393
0.12039356641078815,189.5583259576361,0.4560860781015748,2.513700258366493,1.0508227970347654,0.9602339007253686,-0.001224693131737588,-0.00017356142914335212
0.11011504663532157,192.24448046126759,0.4872089595198989,2.848637607331395,1.1265291953205463,1.0225578320797986,0.08500819268810418,-6.828371992668363e-05
0.11656218139857433,195.53716211381214,0.5058290727585295,3.1054175185133235,1.1256375607191451,1.0741235536591809,0.16970018714394164,-2.4983518428066397e-05
0.1275047739956564,191.978002797448,0.5168813762322872,3.3506724904250134,1.132205707111091,1.0933038980962504,0.13409241374882794,0.0
0.11030347779810756,187.27207404353985,0.4402134027661734,3.1039831012006154,0.866913585398297,0.8857778685728597,0.11822940900714488,0.0
0.10520010494769533,181.18748373661583,0.3863644032776454,3.0504203909680716,0.6382896003704595,0.7697801896882006,0.2131750512445,0.0
0.11762415450993682,176.21008883660073,0.4269593292964088,3.4121596093431643,0.7098880572829727,0.8518309172317972,0.2828496312743553,0.0
0.12024293524687613,172.05069588767762,0.4797849828496983,3.74092031398802,0.8998269646532313,0.9630105198314304,0.18817862299694565,0.0
0.12751053212299873,166.80333340139472,0.4872845503654075,3.623132906047004,1.04085009808714,1.0456042081815495,0.07361754513220789,0.0
0.15431390792130248,170.5995198702933,0.5827464272772618,4.178421777138452,1.2895059324712117,1.3186705692755778,0.006126162798033515,0.0
0.14696537516702254,175.6278342628957,0.6451267000281896,4.748432266562633,1.5410965522541993,1.5431992480193408,-0.02302314727609281,0.0
0.11525520550854393,181.96836866367516,0.6372809851327403,4.865491511132161,1.5267471423515602,1.514252233688654,-0.030256305395242582,0.0
0.09492050412917727,181.14485164473027,0.5136386724346329,3.9399903746506326,1.3041091449960878,1.1716854697252723,-0.02621851451692661,0.0
0.11011589158808076,182.35475283905689,0.4406766735833887,3.382829688547462,1.1233522221048755,0.947676696890592,-0.018222417993085074,0.0
0.11182817915585838,189.7562954003174,0.4227108548288453,3.2985345481690036,1.0837757420392378,0.9268364387741036,-0.010766812238998036,0.0
0.12560298857906402,199.81854662371825,0.5190821642179789,4.232807837824058,1.065701739169319,1.1428882827871962,-0.0055779295578166285,0.0
0.13009571767033726,199.35004964824157,0.5851047525899044,4.6765296237421214,0.9861922725220128,1.2392131915764275,-0.0025537936115199488,0.0
0.11190153602490267,196.6285476151076,0.5732722572995129,4.328781386067748,1.1362723946304216,1.1550566773041828,-0.0010052382725084846,0.0
0.09180516259843502,189.50624589834598,0.5162460458917111,3.8013483951080587,1.2308329885413072,1.0399712115714088,0.07856893565063126,0.0
0.09980602111113963,184.82870975226712,0.5128264110739201,3.920503999925175,1.1496272763199078,1.0272196353503018,0.218232408475662,0.0
0.10836993030309901,191.70208231604767,0.5591729882434715,4.4990026962439105,1.295586378145642,1.1907130700347706,0.18958083658893646,0.0
0.13120682649474158,201.03039937162063,0.5601256415720512,4.354244868565916,1.3029606476299684,1.2309379880672275,0.09602062538130772,0.0
0.1314482515585513,192.34014021510902,0.487142974577017,3.4660955759452907,1.0571501956495155,0.98380108738688,0.02913328849329052,0.0
0.1271497754571263,190.84948896272255,0.4049204991012952,2.774966602691733,0.7977808925680812,0.7316108184033008,-0.004995108591895815,0.0
0.12875102318078335,205.08837977838496,0.3617499465142987,2.5200870526695223,0.7030563440824714,0.6071461672130045,-0.018371048670072727,0.0
0.1203180372908384,220.76929209724827,0.4415908650911299,3.1258350575464835,0.8227580483207131,0.7344297398444235,-0.019655838817702383,0.0
0.10935707144783696,226.3905764601984,0.5619027999574029,3.890890578018433,1.0769436258929408,0.9924107459928057,-0.015215785308369869,0.0
0.11466175133280568,221.1706526193496,0.6570502706026067,4.679614387168956,1.2808966466934597,1.2981438265930738,-0.009644271023819996,0.0
0.10667142512563496,219.9743021499633,0.6478480504327293,4.669735047504823,1.4030045384025578,1.3323539824274682,-0.0052571307018558526,0.0
0.08052404384954345,221.95470491521831,0.5290858608656954,3.866067103987533,1.271394448990737,1.1102820370354565,-0.002536738797723328,0.0
0.07548430389353689,221.12793594480863,0.46421484860687395,3.4306514631547955,1.212657620408597,1.03768709005919,-0.0011056156866947632,0.0
0.08623895678258076,218.295827634422,0.4259355976126165,3.0709834616984995,1.2052448179836899,0.9511338681097716,-0.00044190685241953485,0.0
0.09986955768017293,218.1030238160113,0.37788619964072495,2.646551730609044,1.056879609417996,0.837717470846296,-0.00016391821669648472,0.0
0.11983063461564428,212.55614528699425,0.3924034436951959,2.597533205417057,0.9664003822521072,0.9026021751881732,-1.77635683940025e-15,0.0
0.15598116459288125,207.31922610510492,0.4642971528247661,2.6608913611269163,0.8914809560171386,0.9704014335268524,0.0003838563481963507,0.0
0.18280268029587066,204.56855945646632,0.5433648255206067,3.00101130542955,0.9550401648132189,0.9935275514638424,0.07775921337381451,0.0
0.1692957531107054,191.66374495781773,0.5689985006782086,3.208190481566344,1.058916260288063,0.9907716283832853,0.18123620254134995,0.0
0.1371983389876595,180.04086328613514,0.5466076616160321,3.388405323853146,1.1151258138385534,0.9849612659212691,0.21287499030552828,0.0
0.10794094115039896,183.98081632401863,0.4791570153550851,3.0082107498283204,1.0092926245598794,0.9112957856199814,0.1981208308953124,0.0
0.1021137239298032,192.8589896810268,0.3866864907078453,2.4919035056860657,0.8417566572267869,0.8883363937257112,0.11500589215340025,0.0
0.10238605188882767,192.0336787906018,0.3572280002512381,2.3662261565164773,0.7488264153536438,0.9193931990452072,0.03804945918094351,0.0
0.1101633395016624,186.04862083769729,0.4212522667991152,2.915368710631578,0.9942097382053258,1.0394058450813044,-0.004550557378536834,0.0
0.12369677746627995,184.21933100515446,0.4449400868897438,3.14581542627092,1.1739963832257203,1.097470218961889,-0.020977114280052292,0.0
0.12761112849428002,191.01115615890842,0.4440042757837713,2.984252904864741,1.0918857185263509,0.965366471328733,-0.022809237476268892,0.0
0.12082648876149267,194.68243977990892,0.4648577914646453,3.0490709451284674,1.0125577968153645,0.8493048937185421,-0.01806527856667751,0.0
0.12017324687750185,190.71098329014825,0.4642617104329136,3.247750790978081,0.9479993322246316,0.7997333687037611,0.0056222464816148504,0.0
0.12112493863883035,190.00290631742843,0.42962170258354976,3.0423489402435084,0.8470879484765974,0.7250832344466059,0.0909185310068362,0.0
0.12680323657646886,201.8433342138101,0.3413689864598844,2.162693525422023,0.6977059815664098,0.5916016248870253,0.10514998199278644,0.0
0.13568788015429772,211.9259755213956,0.3175131514523215,1.9670033964509552,0.7384904107330248,0.6187025029137909,0.10170112496953633,0.0
0.13952552724927736,209.1875040341409,0.4144473039635195,2.925789424742663,0.8501335189668373,0.9620470370480756,0.10265305851195218,0.0
0.14085697609284895,200.50764549240884,0.506215318513006,3.853335260489264,0.9098295342435034,1.2257974539325005,0.062089696531482025,0.0
0.1429170616053035,199.32333749820648,0.4952775432772133,3.8184868525282782,0.8692689566062959,1.1800270911603208,0.02014138594286976,0.0007631689572297369
0.14497772875176967,199.5177844616835,0.4721851584960194,3.5518699784446834,0.7669733398377303,1.0772321588900111,-0.00309023969854777,0.024681224867504625
0.14520874264385994,200.67635499097355,0.4695521162866882,3.4542008400906146,1.0061193389294056,1.0094390212459898,-0.011763169823074729,0.042376776572118295
0.1287144486791554,206.86696661620533,0.4063676097675317,2.945269571197449,1.3485858222476534,0.8688432879079337,-0.012542049904207445,0.030312428474487764
0.10205296253831682,193.8340966293796,0.3436493238650675,2.3963171212451364,1.2636313820684937,0.7586701374563956,0.06631102757607249,0.013481555491288787
0.07825802217007086,170.10016788570317,0.31049369135952265,2.0816762787422127,1.030005892126673,0.6683032581292403,0.2044146367679155,0.003002730186471079
0.07041171428905324,172.59814094839712,0.3022381912380111,2.003445833008412,0.7353127978388736,0.6063903848083649,0.17942082668742818,-0.0020089272929971155
0.07662861236702583,187.40433132828556,0.3117364562492401,2.085928563219768,0.5418743278655286,0.5084546772534881,0.09087008166783167,-0.003692558315183979
0.09090980552701168,195.1896271501632,0.3588358983278973,2.458869101280477,0.5814580787053409,0.6082596316970652,0.027272695891807815,-0.0034989322276104675
0.10807976999227127,189.7495353894384,0.3862993776541311,2.676253585703249,0.7324931588273507,0.7690226873026206,-0.005157264790217069,-0.002531867390142108
0.13932154779439793,189.53354602338283,0.4237174234057503,2.8925488407734417,0.7940369587386706,0.8701220642023038,-0.017884633514394954,-0.001527904827393314
0.15692656929832746,192.4123026153264,0.4678013407939613,3.363287126508608,0.7995685662203739,0.995840095880682,-0.019044086207185226,-0.0008009289987617246
0.1198477182434986,180.3194304517791,0.3759553295255894,2.662424254944168,0.8867960827436737,0.7971584157937723,-0.014705485049775096,-0.0003741623503811892
0.09151653952092992,180.40027403924998,0.31583351708178264,2.41264858516177,0.8663798402389895,0.7476730528215885,-0.009320825740012927,-0.00015866835389378566
0.09649305348242683,196.73405598310524,0.3966133719344324,3.1827760486643832,0.8465381923311724,0.9117077374356513,0.00931035241030467,-6.194371210381065e-05
0.10517039436257307,193.76583607153046,0.43383418018783293,3.434282634749727,0.8791463856279237,0.8669164388058612,0.25605665599966565,-2.2511972329187704e-05
0.1294195435359985,188.35167472189895,0.4327227116755588,3.30237164767995,0.8517935576828379,0.7740960496901585,0.3900077936395256,0.0
0.13865014103955633,185.91728397944644,0.46659922494674494,3.3076905987832896,0.9563389787746605,0.7861605600154514,0.2639035287630357,0.0
0.1431112055946831,182.43416866147945,0.5326633424146081,3.944171364522648,1.1866213807786914,0.9592621945312274,0.11229802511209493,0.0
0.1396690454017576,180.88710373880238,0.5555191313762942,4.37687072961012,1.3238607996643001,1.0622542797658507,0.025285915574196783,0.0
0.12809111401137732,181.52954533933388,0.5697431533710411,4.341725841614708,1.221846418339411,1.1093413386797937,0.10729724485494127,0.0
0.10451160978097987,177.75161566109134,0.4868827973021914,3.46015056032804,1.1055651018523354,0.9435342910510776,0.2466110599583413,0.0
0.10167356030217717,184.12047595419497,0.3920133706638347,2.5518685168400426,0.9031478164751444,0.7486172594209366,0.3491532024178423,0.0
0.12166714915988285,192.04235392831765,0.4089087912415872,2.676393056433032,0.7670397666852663,0.7629301034759608,0.4600355198766533,0.0
0.13053522607084295,196.4625381598813,0.4884742244987715,3.430725168067115,0.8677875585421836,0.9438629734908022,0.571625171773026,0.0
0.11008320569717804,189.18811335628612,0.4936458931615689,3.5000187727378504,1.2104234900257016,0.9603791384249614,0.4799194247756745,0.0
0.1001764912087228,185.52176524307842,0.4554833104590831,3.3654057155435964,1.1849572408940794,0.9442968703045024,0.2429104540017981,0.0
0.09342391099417284,186.90488522306873,0.4631649769179653,3.6369815669545695,1.163090834337116,1.0023732140244808,0.05834949599405057,0.0
0.10143900768777517,192.72322181915484,0.4638203472649635,3.747302675845417,1.0582319477401838,0.9532148295866371,-0.033683546496340075,0.0
0.11426931201853115,200.64502511917718,0.4194304829553741,3.3127363915072374,0.9410084912264084,0.8244674497568607,-0.061785027202435415,0.0
0.1245447363000818,208.961116201974,0.4026773483357189,3.1712755866932816,0.885871212533937,0.7831829390849849,0.010308748830087866,0.0
0.13126388490529786,210.3344621155386,0.430366536966758,3.3272635100838146,0.8038383938729204,0.8871275385280226,0.12610873503413444,0.0064292054287393464
0.14048180567604024,214.3773140053503,0.4861689134174215,3.4620853398643314,0.7607718883889174,1.0161062359785669,0.3312890888198442,0.035963607643705334
0.14362445353596398,214.45848249213162,0.5112151208209113,3.4087128777608107,1.133353109178295,1.0977953803968437,0.32400127140828705,0.039763593666832665
0.14233759594789455,204.82622325744626,0.5071114704022921,3.4659468686763693,1.5202245047757703,1.1592980817413787,0.18855213178786892,0.02306725653166683
0.13372444460792268,198.07743614502965,0.5235623265582988,3.918831133129215,1.587919628742685,1.3000059727025566,0.15646426421781262,0.008477391417038573
0.12674076736515213,191.41148718180042,0.5301302985738789,4.052783547913168,1.4108435447934071,1.3493684452748596,0.11512966828563108,0.00048016009776210184
0.11123073461572187,169.12261296646298,0.5308777169687557,4.170497644793766,1.2056489595719364,1.2681389342530105,0.041943460920412665,-0.002989807070067678
0.06626564636152099,102.96362727620772,0.3897309591525165,3.170394551430084,0.8308384065793226,0.879900517640098,-0.0069187262977068705,-0.0037721371498497846
0.01895171697516949,31.160068335152033,0.16414341865029622,1.3991924989904758,0.3267237504175309,0.3513613810399333,-0.02516720726806099,-0.0031538871159109017
